id,gender,age,education,is_capital,income,ideology,DemPolGrievence,PolicyPolGrievence,EUPolGrievence,EconGrievenceRetro,EconGrievenceProspInd,EconGrievenceProspAgg,NatPride,NativeRights,NativeJobs,LawOrder,Chauvinism,ChristianSchool,GayNeighbor,GayPartner,ForNeighbor,ForPartner,Ukraine,DemonstrateNational,DemonstrateTrad
1,2,73,1,0,2,2.55,2,3,2,3,4,4,3,3,4,3,3,3,3,3,3,3,3,0,0
2,1,55,2,0,2,3,2,2,1,4,4,4,4,2,2,2,2,2,4,3,3,3,4,0,0
3,1,69,1,0,3,3,3,3,2,3,4,4,4,3,3,4,3,3,1,2,2,2,1,0,0
4,2,57,1,0,3,1,4,4,2,3,4,4,3,3,4,1,1,4,3,3,2,2,2,0,0
5,1,55,3,0,5,2,4,4,4,5,5,5,2,2,4,3,3,3,2,3,2,3,3,0,0
6,2,70,2,1,3,1,2,2,3,3,4,3,3,2,2,3,3,2,3,4,3,4,4,0,0
7,2,20,2,0,1,3,2,2,2,5,5,5,4,3,4,4,1,2,4,4,4,4,4,0,0
8,1,50,3,1,5,4,2,4,2,3,4,3,3,3,3,2,3,3,3,4,3,3,4,0,0
9,1,60,1,0,3,2,4,4,2,2,3,4,3,4,2,3,2,3,2,2,2,2,2,0,0
10,1,42,1,0,4,3,2,2,2,4,4,2,4,3,4,3,2,3,4,4,4,4,4,0,0
11,1,26,2,0,5,2,4,4,4,2,4,5,3,4,4,3,3,3,4,4,4,4,4,0,0
12,1,40,2,0,5,1,4,4,3,4,4,5,2,3,1,4,1,3,3,3,1,1,1,0,0
13,2,49,1,0,3,3,2,2,2,3,3,3,3,3,2,3,3,3,3,3,3,3,3,0,0
14,2,45,2,1,3,3,3,2,2,3,3,4,3,3,3,3,4,4,4,4,3,4,4,0,0
15,2,42,3,1,5,4,4,4,1,3,4,5,4,4,4,4,3,3,1,3,1,1,1,1,1
16,1,51,2,0,4,4,3,2,1,3,3,3,3,4,4,3,3,2,3,3,2,2,2,1,1
17,1,31,2,0,5,2,2,2,2,4,4,4,3,4,3,3,3,3,2,2,2,2,2,0,0
18,2,68,2,0,3,3,3,3,3,4,3,4,3,3,3,2,3,2,4,4,4,4,4,0,0
19,2,65,3,0,4,3,3,3,3,3,4,4,2,3,3,3,3,3,3,3,2,2,2,0,0
20,2,46,3,0,3,2,4,4,2,2,4,4,3,4,4,3,3,4,4,4,2,2,2,0,3
21,2,66,3,1,2,5,3,2,2,5,5,4,2,3,3,3,3,2,3,4,2,4,2,0,0
22,1,29,3,1,5,4,4,4,2,3,4,4,4,4,4,4,4,3,2,3,2,1,1,0,0
23,2,50,1,0,3,3,3,3,2,5,5,5,3,3,4,2,2,2,1,1,1,1,1,0,1
24,2,75,1,0,1,1,4,4,4,4,5,5,3,4,4,4,3,4,4,4,2,4,2,0,0
25,1,62,1,0,4,3,2,2,1,3,3,4,3,2,3,1,2,2,1,1,2,1,1,0,0
26,1,33,3,0,5,2,3,3,2,4,3,3,3,3,3,3,3,2,2,2,2,2,2,0,0
27,1,67,1,0,3,3,3,3,3,4,3,4,3,3,2,3,2,2,3,3,3,3,3,0,0
28,1,23,1,0,4,4,1,1,1,4,4,5,3,2,2,1,3,1,2,1,1,2,1,0,0
29,1,53,2,0,3,3,2,3,2,4,4,4,3,4,3,3,3,2,4,4,2,4,2,0,0
30,1,64,3,0,5,2,2,3,2,1,1,1,3,3,3,3,2,2,1,1,1,1,1,0,0
31,2,63,1,0,3,3,3,3,3,4,4,4,1,3,4,2,3,4,2,4,4,4,2,0,0
32,1,52,2,0,5,2,2,2,2,5,1,5,3,2,3,2,2,1,4,2,2,4,4,0,0
33,1,34,1,0,3.71,2.48,4,4,3,4,5,5,2,4,4,3,3,2,3,3,2,3,2,0,0
34,1,50,2,0,5,2.8033333333333337,3,4,2,4,4,5,3,2,3,2,3,3,1,2,2,2,2,0,0
35,2,60,1,0,1,2.79,4,4,4,3,4,2,4,4,4,4,4,4,4,4,4,4,4,2,1
36,1,70,1,0,3,1,2,2,2,2,4,4,4,4,4,4,4,4,3,3,2,2,2,2,3
37,1,37,2,0,5,2.85,4,4,3,4,5,5,3,4,4,4,3,1,2,2,2,3,2,0,0
38,1,52,1,0,4,1,3,4,1,4,4,4,4,3,3,3,3,2,2,2,2,2,2,0,0
39,1,47,3,1,5,3,2,3,3,4,3,4,3,2,3,2,2,3,4,4,2,3,3,0,0
40,2,57,2,1,3,3,4,4,2,4,4,5,4,3,4,3,3,3,2,3,2,1,1,0,0
41,2,63,3,1,2,3,2,2,1,3,3,3,3,3,3,2,1,2,2,2,2,2,2,0,0
42,2,28,2,0,3.77,4,3,3,3,4,3,4,3,4,4,3,2,2,2,2,4,4,4,0,0
43,2,37,2,0,3,5,4,4,4,4,5,5,4,3,3,4,3,3,2,4,2,4,2,0,0
44,1,38,2,0,3,4,2,3,2,4,3,4,3,4,4,4,3,3,4,4,3,3,3,0,0
45,2,36,2,0,1,3,2,2,1,3,2,2,3,3,3,1,1,2,2,2,2,2,2,0,0
46,2,43,2,0,5,3,3,3,2,4,4,4,3,3,3,3,3,3,2,2,2,2,2,0,0
47,1,59,3,0,5,3,3,3,3,4,4,4,4,2,3,3,3,2,3,3,3,3,3,0,0
48,2,68,1,0,2,2,3,3,3,4,4,4,4,4,4,3,2,2,3,3,2,3,2,0,0
49,2,72,2,0,3,3,2,3,2,4,4,4,4,4,4,4,2,3,2,2,2,2,2,0,0
50,2,46,1,0,1,2,4,4,3,5,4,4,2,3,4,3,2,2,2,2,4,3,4,1,0
51,2,72,2,0,2,3.1719999999999997,2,2,2,3,3,2,4,1,1,2,2,2,2,3,1,1,1,0,0
52,2,41,2,0,3,4,4,3,3,5,5,5,2,3,4,1,4,3,4,4,4,4,4,0,0
53,1,40,2,0,4,2,4,4,2,4,5,5,3,4,3,3,2,3,3,3,2,2,2,0,0
54,1,38,2,0,5,3,1,2,2,3,3,3,2,2,2,2,3,2,4,4,4,4,4,0,0
55,2,57,3,0,4,3,4,4,3,4,4,4,2,3,4,2,2,3,2,2,2,2,2,1,1
56,2,71,1,0,2,3,4,4,4,4,5,5,3,4,4,3,3,3,3,4,3,3,3,0,0
57,2,52,2,0,3,3,4,4,4,5,5,5,2,4,1,4,4,1,3,3,3,3,3,1,0
58,1,63,2,0,3,3,4,4,4,4,5,5,3,4,4,3,4,4,4,4,4,4,4,0,0
59,1,68,1,0,3,3,3,3,3,4,4,4,2,3,3,3,2,3,3,3,2,2,2,0,0
60,2,36,1,0,3.0708333333333337,3,2,2,2,4,4,4,3,3,3,2,2,3,3,3,2,2,2,0,0
61,1,26,1,0,5,2,3,4,2,5,4,4,3,3,1,3,3,3,2,2,2,2,2,0,0
62,1,52,1,0,3,3,3,3,3,4,2,4,3,3,4,3,3,4,4,3,2,2,2,0,0
63,1,51,3,0,5,3,3,3,2,4,4,4,4,4,4,3,4,2,4,4,3,3,3,0,0
64,2,52,1,0,2,2.97,2,2,2,3,4,3,2,4,3,3,4,3,2,2,2,2,2,0,0
65,2,41,1,0,4,3,4,4,4,5,5,5,2,4,1,3,1,4,4,4,4,4,4,0,0
66,1,65,2,0,2,3,2,2,2,4,4,4,3,3,3,4,3,3,2,2,2,2,2,0,0
67,2,65,1,0,2,2,2,2,2,2,4,4,3,4,3,4,4,4,3,3,3,3,3,1,1
68,2,29,1,0,4,3.1,2,3,2,4,5,5,3,4,4,4,3,3,2,2,1,3,1,0,0
69,1,64,2,0,3,4,2,2,1,3,3,3,4,2,3,4,3,3,3,3,2,2,2,0,0
70,1,73,1,0,4,1,4,4,3,4,5,5,3,4,4,4,4,3,4,4,4,2,2,0,0
71,2,55,3,0,5,2,2,2,1,3,3,3,4,3,1,4,4,1,2,2,1,1,1,0,0
72,2,60,1,0,5,2,3,2,1,3,3,3,2,1,2,2,2,2,2,2,2,2,2,0,0
73,2,46,2,1,3,3,4,4,3,5,4,4,2,3,4,3,3,3,2,3,2,2,2,0,0
74,2,56,2,1,3,3,2,2,3,2,4,2,2,3,1,3,2,3,4,2,3,2,4,1,0
75,1,52,1,1,4,4,4,4,2,4,4,4,4,4,4,2,3,3,2,2,1,1,1,0,0
76,1,31,1,1,4,3,4,4,4,4,4,4,4,3,3,3,3,3,4,4,4,4,4,0,0
77,2,54,1,1,4,3,2,3,2,3,3,3,3,3,3,2,1,2,3,3,3,3,3,0,0
78,1,62,3,1,5,5,4,4,4,3,5,5,1,2,1,4,1,1,3,2,2,2,4,0,0
79,1,67,1,1,5,3,2,3,2,5,5,5,3,1,4,1,3,1,2,2,2,2,2,0,0
80,2,29,2,1,3.725,3,3,3,2,4,4,4,3,2,4,2,2,3,2,3,3,4,4,0,0
81,2,46,3,1,5,3,4,4,4,4,4,5,3,3,4,3,2,3,2,3,3,3,3,3,0
82,1,42,2,1,4,3,2,3,3,4,4,5,3,4,4,3,1,1,2,3,2,3,2,0,0
83,2,41,3,1,5,3,3,3,2,3,2,2,3,4,4,2,3,4,4,4,4,4,4,0,0
84,2,67,1,1,2,3,4,4,4,5,5,5,2,3,4,4,2,2,3,3,3,3,3,0,0
85,1,35,2,1,5,2,2,2,1,3,2,2,3,3,4,2,3,2,1,2,2,2,2,0,0
86,2,36,3,1,5,3,3,3,2,4,4,4,3,2,4,2,1,2,3,3,3,2,2,1,1
87,1,26,2,1,5,4,4,3,3,3,4,5,4,3,3,2,4,2,3,3,3,3,2,2,0
88,2,55,3,0,5,3,3,3,3,5,5,5,3,3,4,3,2,2,1,1,1,1,1,0,0
89,2,44,3,0,4.33,3,3,3,3,4,4,3,3,4,4,3,2,2,2,3,3,3,3,1,0
90,2,48,3,0,5,3,4,4,2,3,3,4,3,4,4,2,1,1,4,4,2,2,2,0,0
91,2,20,1,0,5,3.01,3,3,3,4,4,5,2,3,3,2,2,2,2,2,2,2,2,1,0
92,1,76,1,0,2,3,3,3,3,4,4,4,3,4,3,3,3,2,2,2,2,2,2,0,0
93,1,34,1,0,4,3,4,4,4,5,5,5,4,4,4,2,4,1,2,2,3,4,4,2,1
94,2,30,3,0,4,5,3,3,2,4,5,5,4,3,3,3,3,3,4,4,2,4,2,0,0
95,2,40,3,0,3,3,3,3,3,5,4,4,2,4,4,4,4,4,4,4,3,4,4,0,0
96,1,64,1,0,2,1,4,4,2,3,3,3,4,3,3,3,2,3,3,3,2,3,2,0,0
97,1,63,1,0,5,1,3,3,3,4,3,4,2,3,3,3,3,3,2,2,2,2,2,0,0
98,2,51,3,0,5,4,2,2,2,4,3,4,4,3,3,2,1,2,2,2,2,2,2,0,0
99,2,28,2,0,4,3.34,2,2,1,2,3,3,3,4,4,2,3,1,1,1,2,2,3,0,0
100,1,63,3,0,4,2,2,3,1,3,3,4,4,4,4,4,4,3,1,1,2,2,2,0,0
101,2,32,3,0,3,4,2,2,1,3,3,3,3,3,3,3,3,2,2,2,2,3,2,0,0
102,2,28,3,0,5,4,3,3,2,3,2,3,3,3,4,1,1,2,1,1,2,3,2,0,0
103,1,34,1,0,5,5,3,3,3,4,4,4,4,4,4,4,4,1,1,1,1,1,1,0,0
104,1,68,2,0,3,3,4,4,3,5,5,5,3,3,2,3,3,3,2,2,3,3,3,0,0
105,1,29,1,0,1,2.99,4,4,3,4,4,4,2,3,1,3,2,2,3,4,4,4,3,0,0
106,1,32,3,0,5,2,3,3,2,3,5,5,3,3,3,3,3,2,1,1,1,1,1,0,0
107,2,48,2,0,5,3,3,2,2,3,3,3,3,2,3,1,1,2,2,2,4,4,4,0,0
108,2,39,2,0,3.266,3,4,4,4,3,4,5,2,3,4,3,2,2,2,4,1,1,1,0,0
109,1,38,2,0,5,3,3,2,2,4,4,5,3,4,4,4,2,4,3,3,2,2,2,0,0
110,1,31,3,0,5,4,3,4,1,3,4,4,2,3,4,2,3,2,2,3,2,2,2,0,0
111,1,55,1,0,5,3,2,2,2,4,4,4,3,3,4,3,1,2,3,3,3,2,2,0,0
112,1,49,3,0,5,3,4,4,4,4,4,4,2,4,2,3,2,3,2,2,2,2,2,0,0
113,2,70,3,0,2,4,2,2,1,4,5,5,4,4,4,4,3,2,2,3,3,4,2,0,0
114,2,48,1,0,4,4,2,2,2,3,2,3,2,2,2,2,3,2,2,2,2,2,2,0,0
115,2,30,2,0,4,3,4,4,2,4,4,5,3,4,4,3,1,2,2,4,2,2,2,0,0
116,1,33,1,0,5,1,4,4,3,3,3,4,4,3,3,3,2,3,2,2,2,2,2,0,0
117,2,60,3,0,5,2,4,4,2,3,3,2,3,3,3,4,2,3,2,3,3,4,3,0,0
118,1,19,1,0,4,3,1,1,1,2,2,4,4,3,3,4,4,3,2,2,2,1,1,0,0
119,2,50,2,0,3,2.75,3,4,2,4,5,4,1,3,4,3,2,3,3,3,3,3,3,0,0
120,2,63,2,0,3,2.74,3,4,2,4,4,5,4,2,2,2,3,3,2,2,2,2,2,0,0
121,2,64,2,0,3,2,3,3,2,3,3,3,3,3,3,3,2,3,3,3,2,3,2,0,0
122,2,56,2,0,4,4,3,3,1,2,3,2,3,2,2,3,2,2,1,2,1,1,1,0,0
123,1,64,1,0,2,3,4,4,4,3,3,5,1,4,4,3,3,2,3,4,3,4,3,0,0
124,2,70,2,0,3,3,3,3,2,4,4,4,4,3,4,2,2,3,2,3,2,3,2,0,0
125,1,20,2,0,3,3,3,3,3,3,4,4,3,3,3,2,3,2,2,2,3,3,2,0,0
126,2,67,3,0,3,1,4,4,4,4,5,5,3,4,4,4,4,2,3,3,3,4,3,0,0
127,2,66,1,0,2,3,2,3,2,4,4,4,3,3,4,4,2,3,3,4,3,3,2,0,0
128,2,30,2,0,3,3,3,3,2,4,4,4,4,3,3,3,2,3,2,2,1,1,1,0,0
129,2,67,2,0,2,3,4,4,4,4,4,5,3,4,4,4,3,4,4,4,4,4,4,0,0
130,1,26,1,0,3.8633333333333337,1,3,4,3,4,4,5,3,3,4,1,2,3,3,3,2,2,2,0,0
131,2,51,1,0,4,3,4,4,4,5,5,5,2,4,4,3,1,1,1,1,1,1,1,0,0
132,2,61,2,0,5,3,4,4,2,4,4,4,3,4,4,2,4,4,4,4,2,2,1,0,0
133,2,66,2,0,2,3,3,3,2,4,4,5,3,4,3,3,2,3,3,2,2,2,2,0,0
134,1,68,1,0,3,1,4,4,2,4,5,5,3,4,4,4,3,4,4,4,3,3,2,0,0
135,1,70,2,0,2,1,4,4,3,5,5,5,4,1,3,4,2,4,2,2,3,3,2,0,0
136,2,24,1,0,1,5,4,4,4,5,5,5,1,2,2,2,1,2,2,2,4,4,4,0,0
137,1,20,2,0,1,4,3,3,2,5,3,4,2,4,4,3,2,1,2,2,2,2,2,0,0
138,2,33,3,0,5,3,2,3,2,4,5,4,4,4,4,3,2,3,3,3,2,2,2,0,0
139,2,68,1,0,2,1,4,4,3,5,4,5,3,4,4,4,3,4,3,4,3,4,3,0,0
140,2,50,1,0,1,3,4,4,4,3,3,4,2,1,2,2,2,2,1,1,1,1,1,0,0
141,1,70,3,0,3,3,4,4,1,3,4,4,4,2,4,3,3,2,2,2,2,2,2,0,0
142,2,54,3,0,5,4,2,2,1,3,3,3,3,3,4,2,2,3,3,3,3,3,1,0,0
143,2,44,2,0,5,4,2,2,2,3,4,4,3,3,3,2,2,2,2,3,1,2,1,0,0
144,1,45,2,0,5,3,3,4,3,1,3,4,4,2,3,2,1,3,3,3,2,2,2,0,0
145,2,24,2,0,4,3,4,4,2,4,4,4,4,4,4,4,1,4,4,4,4,4,4,0,0
146,1,45,1,0,2,2.97,3,3,3,4,4,4,2,4,4,2,2,3,2,2,2,2,2,0,0
147,1,52,3,0,5,4,2,2,1,3,3,4,4,3,4,3,2,3,2,2,2,2,2,0,0
148,2,40,2,0,3.86,3,3,4,2,4,5,5,3,3,4,3,2,1,2,3,3,3,3,0,0
149,2,47,2,0,4,5,2,3,3,4,4,4,4,4,4,4,4,4,2,3,2,3,3,2,2
150,2,43,3,0,5,3.08,4,4,3,5,5,5,3,4,4,4,3,1,2,2,3,4,3,0,0
151,1,18,1,0,0,4,2,1,1,3,3,3,3,3,4,3,4,1,2,2,1,1,1,0,0
152,2,63,3,0,3,1,3,3,2,5,5,5,3,3,4,4,4,4,2,2,2,2,2,0,0
153,1,42,1,0,3.69,2,1,3,4,4,2,3,3,4,4,4,4,1,4,4,1,3,2,0,0
154,2,40,1,0,1,5,3,3,3,2,2,3,2,3,3,3,3,3,4,4,4,4,4,1,1
155,2,48,2,1,3,3,4,4,4,4,4,4,2,3,4,3,3,3,3,3,3,4,2,0,0
156,1,27,1,1,3,3,2,2,3,2,3,3,3,2,2,2,3,2,4,3,4,2,2,0,0
157,2,37,3,1,5,4,4,4,1,3,4,5,4,4,4,4,3,3,2,2,1,1,1,0,0
158,2,18,1,1,1,3,3,4,1,3,3,3,3,4,4,3,3,3,2,2,2,2,2,0,0
159,2,40,3,1,5,2,3,4,2,3,3,4,3,2,3,3,1,3,2,3,2,2,2,0,0
160,1,66,1,1,2,4,4,4,4,3,4,4,4,4,4,4,4,4,4,4,4,4,4,0,0
161,1,34,3,1,5,2,3,4,3,4,4,5,1,3,3,1,3,1,3,3,2,2,2,0,0
162,1,52,2,1,4,3,2,3,1,3,4,5,4,2,2,1,3,2,1,2,1,2,1,0,0
163,2,65,3,1,5,3,2,3,2,4,4,4,3,1,4,1,1,1,2,2,2,2,2,0,0
164,1,59,2,1,3.7766666666666664,3,4,4,3,4,5,5,4,3,4,2,3,3,2,4,4,4,4,0,0
165,2,37,3,1,4,4,1,2,1,3,2,2,2,1,1,4,3,1,1,1,1,1,1,0,0
166,2,66,2,1,2,4,4,4,4,3,3,4,4,4,4,4,4,1,4,4,4,4,4,0,0
167,2,54,2,1,5,3,4,3,2,3,2,2,3,4,4,3,2,2,4,4,4,4,4,0,0
168,1,59,3,1,4.136666666666667,5,4,4,3,5,5,5,2,4,4,4,3,1,3,3,3,3,3,2,0
169,1,68,3,1,4,3.09,2,2,2,3,4,4,4,3,3,3,3,3,2,3,3,3,2,0,0
170,1,51,3,1,5,4,3,4,4,3,3,3,1,3,4,3,4,3,4,4,4,4,4,1,0
171,2,44,2,1,1,3,1,1,1,3,2,2,1,1,1,2,2,1,1,1,1,1,1,0,0
172,2,28,3,1,4,2,3,3,2,2,3,4,3,2,3,2,4,3,2,4,1,2,2,0,0
173,1,66,2,1,2,2,3,2,2,4,5,4,4,2,2,4,4,4,4,4,1,2,1,0,0
174,1,33,2,0,4,4,2,4,2,4,4,5,2,1,3,3,3,3,4,4,3,4,3,0,0
175,1,46,2,0,5,4,1,1,1,5,5,5,4,4,4,4,1,2,4,4,3,3,3,0,0
176,1,61,1,0,4,1,4,4,4,5,5,5,3,4,4,4,3,3,2,3,3,3,3,0,0
177,2,36,2,0,3,3,3,4,3,5,5,5,3,3,4,3,1,3,3,3,3,3,2,0,0
178,2,77,2,0,3,3,4,3,3,4,5,4,3,2,4,1,1,4,4,4,1,2,1,0,2
179,1,39,3,0,5,3,4,4,3,5,5,5,4,3,4,3,3,2,3,3,3,3,3,0,0
180,2,45,2,0,5,3,2,2,2,4,4,4,3,3,4,3,2,2,2,2,2,2,2,0,0
181,1,34,1,0,3.523333333333334,3,3,4,2,3,3,3,3,4,4,3,3,2,2,2,2,3,3,0,0
182,1,44,3,0,5,4,3,4,2,3,3,4,3,4,4,2,3,2,2,2,2,2,2,0,0
183,1,41,1,0,5,4,3,3,2,4,2,4,3,3,3,3,4,3,2,3,2,2,2,0,0
184,2,42,3,0,5,4,3,3,2,4,3,2,3,4,4,3,2,2,2,2,2,2,2,1,0
185,2,35,2,0,4,2,2,2,1,2,2,3,3,3,2,3,2,1,2,3,2,2,1,0,0
186,1,40,2,0,4,3,3,3,3,3,4,4,3,4,3,3,3,1,1,1,2,3,2,0,0
187,2,69,1,0,2,3,4,4,4,5,5,5,3,2,4,3,4,1,2,2,2,2,2,0,0
188,2,63,1,0,1,1,4,4,4,5,5,5,4,3,3,3,4,4,4,4,2,4,2,0,0
189,1,26,2,0,3,4,2,2,2,4,3,4,3,3,4,3,3,3,4,4,4,4,4,0,0
190,1,33,2,0,3,5,2,2,2,3,2,2,3,2,3,2,2,2,2,2,2,2,2,0,0
191,1,51,3,0,5,2,3,3,2,4,4,4,3,4,4,3,3,2,2,2,2,2,2,0,0
192,2,40,2,0,3,3,3,3,3,4,4,4,3,2,3,2,2,2,3,3,3,3,3,0,0
193,1,77,1,0,2,2,3,3,2,4,5,4,3,3,4,3,3,2,2,2,1,2,1,0,0
194,2,62,1,0,2,2,2,3,2,4,4,4,4,4,3,4,2,3,2,2,2,3,3,0,0
195,2,28,3,0,3,4,1,1,1,3,3,3,3,4,2,3,2,3,2,2,2,3,2,0,0
196,1,39,3,0,5,3,3,1,1,3,3,4,3,2,3,2,2,1,1,1,1,1,1,0,0
197,2,45,3,0,1,3,2,3,1,2,2,3,4,3,3,3,2,2,1,1,1,1,1,0,0
198,2,66,1,0,3,2.5325,4,4,4,5,5,5,2,3,1,3,3,3,2,2,3,3,3,0,0
199,1,53,2,0,5,2,2,3,3,3,4,4,2,2,3,2,3,2,2,2,2,2,2,0,0
200,1,54,1,0,5,3,3,3,3,4,4,4,1,2,4,2,3,2,4,4,4,4,4,0,0
201,2,43,2,0,3,3,2,3,1,4,4,4,3,3,3,4,1,3,2,3,2,2,2,0,0
202,1,71,1,0,3,1,4,4,4,5,5,5,4,4,4,4,4,4,4,4,4,4,4,0,0
203,2,59,3,0,3.635,3,4,4,4,3,4,5,2,3,4,3,1,1,1,4,1,1,1,0,0
204,1,34,1,0,5,4,4,2,2,4,4,5,4,4,4,3,3,4,4,4,3,3,3,0,0
205,2,26,2,0,4,3,1,1,1,4,3,4,3,3,1,4,2,4,2,2,2,4,2,0,0
206,2,42,1,0,1,2.3475,4,4,4,5,5,3,1,4,4,4,4,4,1,1,1,1,1,0,0
207,1,54,1,0,4,3,2,2,2,4,4,3,3,4,4,3,1,3,2,2,2,2,2,0,0
208,2,68,1,0,2,3,3,3,3,4,4,4,4,3,3,3,3,3,4,4,4,4,4,0,0
209,1,38,3,0,4,2,3,3,3,4,4,4,2,4,4,2,3,2,3,2,2,2,2,1,1
210,1,52,1,0,5,4,2,2,1,5,5,5,3,4,4,3,3,2,3,3,3,4,3,0,0
211,1,40,3,0,5,1,4,4,3,4,4,4,2,4,4,3,4,3,2,2,2,2,2,0,0
212,2,49,2,0,4,3,3,3,3,3,4,4,3,4,4,2,2,3,4,4,4,4,4,0,0
213,2,58,3,0,5,4,2,3,1,3,4,4,4,2,4,2,2,4,1,3,1,1,1,0,1
214,2,51,1,0,4,3,3,3,2,3,3,4,3,3,4,4,2,2,3,3,2,3,1,0,0
215,2,61,2,0,2,1,2,2,2,3,3,4,3,3,3,2,2,2,4,3,3,3,3,0,0
216,1,44,1,0,1,2,3,3,2,4,4,4,3,3,4,3,2,2,1,1,1,1,1,0,0
217,1,18,1,0,1,3,3,3,2,4,4,5,3,3,3,3,2,2,3,3,2,2,2,0,0
218,2,33,3,0,3.995,4,2,2,2,3,4,4,3,3,3,4,3,2,3,4,3,4,3,0,0
219,2,34,3,0,2,3,4,4,2,2,3,5,2,4,4,3,1,3,4,4,4,4,4,0,0
220,2,39,2,0,4,2,4,4,2,3,3,4,4,3,4,1,1,3,2,2,2,2,2,0,0
221,1,52,2,0,4.156666666666666,3,3,4,2,4,3,3,4,3,4,3,1,2,2,2,2,2,2,0,0
222,1,53,1,0,4,4,2,2,1,4,4,5,4,2,3,2,3,3,2,2,3,3,2,0,0
223,1,40,2,0,5,2,2,3,3,4,3,4,3,4,4,3,3,2,2,2,2,2,2,0,0
224,2,35,3,0,4,2.873333333333333,3,4,2,4,4,4,2,3,4,3,2,3,2,2,2,2,2,0,0
225,2,37,3,0,4,3.23,3,3,1,3,4,4,3,2,3,2,2,3,2,2,2,2,2,0,1
226,1,42,3,0,5,2,2,2,2,3,2,3,3,2,3,2,2,3,2,2,2,2,2,0,0
227,1,43,1,0,4,3,3,4,4,3,4,5,2,3,3,1,2,3,2,2,2,2,2,0,0
228,1,40,2,0,1,2,4,4,3,5,3,5,3,4,3,3,2,3,2,3,2,3,2,0,0
229,2,63,2,0,3,3,3,3,2,4,4,4,4,3,3,3,2,3,2,3,2,3,2,0,0
230,1,27,3,0,3,3,3,3,2,3,4,4,3,3,3,2,3,2,2,2,2,2,2,0,0
231,1,66,2,0,2,4,4,4,4,5,5,4,3,4,2,2,3,2,3,3,3,3,3,0,0
232,2,24,3,0,1,4,2,2,1,3,4,3,3,2,3,2,1,1,1,1,1,1,1,0,0
233,2,44,2,0,3,4,3,3,2,4,3,4,3,3,4,2,3,3,1,1,1,1,1,0,0
234,1,31,1,0,3,3,4,4,3,4,4,4,3,4,4,3,4,4,4,4,4,4,4,0,0
235,2,57,2,0,1,2,4,4,3,4,4,5,2,4,4,4,1,2,1,1,2,2,2,0,0
236,2,69,1,0,3,2,2,3,2,4,4,4,3,2,3,3,3,4,2,3,2,2,1,0,0
237,1,67,1,0,3,2,2,2,2,4,5,5,3,3,4,2,3,4,4,4,2,2,2,0,0
238,1,44,2,0,5,3,3,3,3,4,3,5,3,4,4,4,2,3,1,1,1,1,1,0,0
239,1,54,3,0,4,3,2,2,2,4,4,5,4,3,3,4,2,4,3,3,2,3,1,0,0
240,1,58,1,0,4,3,3,4,3,3,4,4,2,2,3,3,4,2,2,3,2,3,2,0,0
241,2,19,1,0,1,3,3,3,3,2,2,4,3,4,4,2,2,3,4,4,4,4,4,0,0
242,2,59,2,0,3,5,3,2,3,3,4,4,3,4,4,4,2,4,4,4,3,3,3,0,0
243,1,77,2,0,3,4,3,2,2,4,4,4,3,2,4,3,3,3,3,2,2,2,2,0,0
244,1,47,2,0,4,3.335,4,4,4,4,5,5,4,4,4,4,4,2,4,4,4,4,4,0,0
245,2,52,1,0,3,3,4,4,2,4,4,4,2,4,4,2,3,2,4,4,2,2,1,0,0
246,2,29,3,0,4,3,2,3,2,4,3,5,4,3,3,3,2,2,1,2,2,2,2,0,0
247,1,68,2,0,2,3,1,2,2,4,5,5,3,3,3,3,3,4,4,2,2,2,2,0,0
248,2,41,3,0,5,2,3,4,2,4,4,4,2,4,4,2,1,3,2,3,2,2,1,0,0
249,2,63,2,0,2,2.74,4,4,4,3,3,5,4,4,4,3,2,4,4,2,3,1,1,0,0
250,2,22,2,0,4,3,2,2,2,2,2,2,2,4,3,3,2,2,3,3,3,3,3,0,0
251,1,57,2,0,5,3,4,4,2,4,5,5,4,1,3,4,2,1,2,4,2,1,1,0,0
252,1,68,2,0,3,4,2,3,1,3,4,4,3,4,4,4,3,3,2,4,2,2,2,0,0
253,1,41,1,0,4,4,4,4,3,3,4,5,1,1,4,3,4,2,2,4,2,2,3,0,0
254,1,57,1,0,3,4,3,4,3,4,5,5,4,4,4,4,2,2,4,4,3,3,4,0,0
255,1,64,2,0,2,2,2,3,2,4,4,4,3,4,2,4,2,3,2,2,2,2,2,0,0
256,2,30,3,0,4,3,2,2,2,3,3,4,4,4,1,1,1,2,2,2,2,2,2,0,0
257,2,60,2,0,2,3,4,4,3,3,3,5,4,3,4,3,2,4,4,4,4,4,4,0,0
258,2,52,2,0,5,2,3,3,3,4,5,4,3,4,4,2,1,3,3,4,2,3,2,0,0
259,1,58,1,0,5,2,3,4,3,3,3,4,4,2,3,2,2,2,3,3,1,2,1,0,0
260,2,67,3,0,2,2.99,3,3,3,3,3,5,4,2,3,2,1,3,2,2,2,2,2,0,0
261,2,24,3,0,2,3,3,3,3,4,4,4,4,3,3,2,2,4,4,4,3,3,3,0,0
262,1,45,2,0,4,3,3,3,2,4,4,5,3,4,4,3,3,1,1,1,2,2,1,0,0
263,2,43,3,0,5,3,3,3,2,3,3,3,3,4,2,3,2,3,2,4,2,2,2,0,0
264,2,70,1,0,2,3.12,2,3,1,4,4,4,3,3,4,3,2,3,2,3,2,2,2,0,0
265,2,22,2,0,1,3.18,2,3,2,4,4,4,3,3,4,2,1,2,4,1,2,1,2,0,0
266,2,59,3,0,4,4,4,3,2,4,5,4,3,1,4,3,2,3,3,4,2,2,2,0,1
267,2,57,1,0,3,2.69,3,4,3,4,5,5,3,3,4,3,2,4,4,4,3,3,3,0,0
268,2,32,2,0,4,3.27,2,4,1,4,3,3,4,4,4,3,1,3,2,2,4,4,4,0,0
269,2,33,2,0,3,2.84,4,4,3,4,5,5,2,2,3,2,2,3,2,2,2,1,1,0,0
270,2,39,3,0,5,3,2,2,1,2,2,2,3,2,2,2,2,2,1,1,1,1,1,0,0
271,2,53,1,0,3,3,2,2,2,3,3,4,4,3,4,2,2,3,1,1,2,2,1,0,0
272,1,58,1,0,3.7975,3,3,4,2,3,4,4,4,4,4,3,3,1,2,2,2,2,2,0,0
273,1,38,2,0,5,4,3,3,3,4,4,4,4,4,3,3,3,4,2,2,2,2,2,1,1
274,2,59,2,0,5,2.585,4,4,3,5,5,5,3,4,4,4,3,1,2,2,3,4,3,0,0
275,2,32,1,0,3,3,2,3,1,4,2,2,4,3,2,2,4,1,1,1,1,1,1,1,0
276,1,59,1,0,5,1,4,4,4,5,5,5,3,4,4,4,4,2,2,2,2,2,2,1,0
277,1,68,3,0,3,4,3,3,3,4,4,5,3,4,3,3,3,4,3,3,3,3,2,0,0
278,1,30,2,0,5,3,3,3,1,2,3,5,2,2,1,2,2,2,1,1,1,1,1,0,0
279,1,65,1,1,3,2,4,4,4,5,5,5,3,3,3,3,3,3,3,3,2,3,2,0,0
280,2,22,1,1,3,3,2,3,3,2,4,2,3,3,4,2,3,3,2,3,2,3,4,1,2
281,1,63,1,1,2,3,4,4,1,4,4,5,4,4,4,4,4,4,3,3,2,2,2,0,0
282,1,34,3,1,5,2,3,4,2,2,3,4,3,4,3,3,3,2,2,2,2,2,2,0,0
283,2,18,1,1,1,4,3,3,2,4,2,3,2,3,2,3,3,3,2,1,1,2,1,0,0
284,2,41,2,1,4,3,2,2,2,4,4,4,3,3,3,2,3,3,3,3,2,2,2,0,0
285,2,69,3,1,3,2,2,2,1,3,3,3,3,3,3,2,1,2,2,1,1,1,1,0,0
286,1,18,2,1,1,3,2,3,2,3,4,2,3,2,1,1,1,2,1,2,1,1,1,0,0
287,2,51,1,1,3,3,4,3,2,4,5,5,4,2,4,2,2,1,1,1,1,1,1,0,0
288,1,64,1,1,3,3,2,3,2,5,5,4,3,1,3,2,1,1,3,3,2,2,2,0,0
289,1,59,1,1,3,3,4,4,4,5,4,5,4,3,4,3,3,3,4,4,4,4,4,2,0
290,1,21,2,1,5,4,4,4,4,3,2,2,4,3,4,3,3,2,3,3,3,3,3,3,1
291,1,28,2,1,5,3,2,4,3,4,4,5,1,4,4,3,2,1,3,3,3,3,3,0,0
292,1,67,3,1,4,3,2,4,2,4,3,4,3,4,4,3,3,2,4,4,4,4,4,0,0
293,2,53,3,1,5,5,4,4,4,4,4,4,2,4,4,4,2,2,4,4,4,4,4,1,0
294,2,52,3,1,5,4,1,2,1,3,3,4,4,2,2,3,2,2,2,2,2,3,2,0,0
295,1,66,2,1,2,2,4,4,2,5,5,5,3,4,4,4,2,4,3,3,3,3,3,0,0
296,2,55,2,1,5,5,4,4,4,4,5,5,4,4,4,4,3,4,3,3,3,4,3,0,1
297,2,56,2,1,3,4,3,3,2,3,3,4,3,2,3,2,3,4,3,3,2,3,3,0,0
298,2,28,3,1,5,2.7075,4,4,3,2,3,4,3,4,3,2,1,1,1,1,1,2,1,0,0
299,1,47,1,0,5,4,2,3,2,3,4,5,2,1,4,2,3,3,3,4,3,4,2,0,0
300,1,36,3,0,4,2,3,3,2,2,3,4,3,4,4,2,2,3,2,2,2,2,2,0,0
301,1,52,3,0,5,3,4,4,4,5,5,5,2,1,4,3,2,3,3,3,3,3,3,0,0
302,2,68,1,0,2,1,4,4,4,5,5,5,4,4,4,4,2,3,4,4,3,3,4,0,0
303,2,21,2,0,4,5,3,3,2,3,2,2,3,4,3,2,1,2,1,1,1,1,1,0,0
304,2,28,3,0,4,3,3,4,3,5,4,4,3,4,4,2,1,2,3,4,3,3,3,0,0
305,1,43,2,0,4,3,3,4,2,4,4,4,3,3,3,3,3,3,2,1,3,1,2,0,0
306,1,62,1,0,2,3,3,3,2,3,4,4,3,3,3,3,3,3,3,3,3,3,3,0,0
307,2,39,2,0,5,3,2,4,2,3,2,2,3,4,4,3,3,1,2,2,2,4,2,0,0
308,1,31,1,0,4,3,4,3,3,4,4,4,3,4,4,3,1,2,2,2,2,2,1,0,0
309,2,28,2,0,4,4,1,1,1,4,4,4,4,4,3,4,4,3,2,2,2,2,2,0,0
310,1,73,1,0,2,2,4,4,4,5,5,5,4,3,4,3,4,4,4,4,4,4,4,2,0
311,2,68,2,0,3,3,4,4,4,5,5,5,3,1,2,3,2,2,2,2,2,2,2,0,0
312,2,58,3,0,3.341666666666667,3,4,4,4,5,5,4,3,4,4,3,2,2,2,3,4,4,4,0,0
313,2,64,1,0,3,3,3,4,2,3,4,4,3,4,4,2,1,3,4,4,2,2,2,0,0
314,2,57,1,0,5,3,2,2,2,3,3,4,4,4,4,3,2,1,3,4,3,3,3,0,0
315,2,33,1,0,3,5,4,4,1,3,3,2,3,4,4,2,2,3,2,2,3,3,3,0,0
316,2,25,3,0,4,1,2,2,1,3,3,4,2,1,1,1,1,1,1,1,1,1,1,0,0
317,1,35,2,0,4,3,3,3,3,4,4,4,3,4,3,3,3,2,2,2,2,3,2,1,0
318,1,51,2,0,3,3,4,4,4,5,5,5,4,3,4,3,4,1,2,2,2,3,3,1,1
319,1,49,2,0,4,5,4,4,2,4,5,5,4,3,4,4,4,4,2,4,2,3,2,0,0
320,2,63,1,0,2,1,4,4,4,5,5,5,3,4,3,4,4,4,4,4,4,4,4,0,0
321,1,46,2,0,5,3,2,2,2,4,2,2,4,1,2,2,2,2,1,1,1,1,1,0,0
322,1,54,1,0,3,2,3,3,3,4,5,5,3,3,4,3,4,3,3,4,3,3,2,0,0
323,1,54,3,0,4.28,5,2,3,1,2,3,4,3,2,2,1,1,1,1,1,2,1,1,0,0
324,2,46,3,0,4.19,3,3,3,3,3,3,5,3,4,4,3,2,2,2,3,2,2,2,0,0
325,1,62,1,0,4,2,2,3,2,4,4,4,2,4,4,4,4,3,2,2,2,2,2,0,0
326,1,37,2,0,5,3,1,1,1,4,2,2,4,3,3,1,1,2,2,2,2,2,2,0,0
327,1,44,3,0,5,3,4,4,2,5,4,5,2,3,3,2,4,1,2,2,2,2,2,0,0
328,1,43,2,0,5,2,3,4,2,4,3,4,3,2,4,3,4,1,3,3,1,3,1,0,0
329,1,18,1,0,0,4,1,2,1,3,3,2,3,3,4,4,3,1,1,1,1,2,2,0,0
330,2,72,2,0,2,3,2,3,4,4,4,4,3,3,3,3,3,3,4,4,4,4,4,0,0
331,1,71,1,0,2,2,3,4,3,4,4,4,3,4,4,3,3,2,2,3,4,4,4,0,0
332,1,70,2,0,3,2,2,2,2,3,3,3,4,3,2,3,2,3,2,3,2,3,2,2,0
333,2,44,3,0,4,2,3,3,3,5,5,5,2,4,2,2,2,2,1,1,3,3,2,0,0
334,2,70,1,0,2,2,3,3,3,4,4,4,2,2,3,2,2,2,3,3,2,3,2,0,0
335,2,52,2,0,3,2,3,4,2,4,5,5,3,3,4,3,2,2,2,3,2,2,2,0,0
336,1,64,1,0,3,1,4,4,4,5,5,5,4,4,4,4,4,3,4,4,4,4,4,0,0
337,1,26,1,0,3,3,4,4,4,3,4,4,2,3,4,3,1,1,1,4,1,1,1,0,0
338,2,47,2,0,5,3,3,2,1,4,3,4,4,4,3,4,2,4,4,4,2,3,2,0,0
339,2,72,1,0,2,5,2,2,2,2,2,2,3,4,4,2,3,2,2,3,2,3,3,0,0
340,2,24,3,0,4,3.56,2,2,2,3,2,1,3,3,4,2,3,1,2,2,2,2,2,0,0
341,1,44,3,0,5,3,2,2,2,4,4,4,3,4,4,3,1,3,3,3,2,2,3,0,0
342,2,66,2,0,2,2,2,2,2,4,4,4,4,4,4,4,4,4,3,3,3,3,3,0,0
343,1,63,2,0,2,1,3,4,2,4,4,5,3,4,4,4,4,1,4,4,4,4,4,0,0
344,2,40,1,0,4,5,2,2,2,3,3,4,3,1,4,3,3,3,2,2,2,2,2,0,0
345,1,47,2,0,3.565,3,4,4,4,5,5,4,3,4,4,3,1,4,3,3,3,3,1,1,0
346,2,33,2,0,2,3,3,3,2,3,3,4,4,4,4,2,3,4,4,4,4,4,4,0,0
347,2,31,2,0,4,4,3,2,1,3,3,4,4,3,3,1,1,2,1,2,1,2,1,0,0
348,1,41,1,0,1,3,4,4,4,4,4,5,2,4,4,4,3,4,4,4,4,4,4,3,0
349,1,67,1,0,2,5,3,3,3,5,5,4,3,3,2,3,2,3,4,4,4,4,4,0,0
350,1,68,1,0,4,1,3,4,2,4,3,4,4,3,4,3,3,2,2,2,2,3,2,0,0
351,2,42,2,0,5,3,2,2,2,3,4,4,3,2,3,3,1,3,1,1,1,1,1,0,0
352,2,70,1,0,2,4,2,2,1,3,3,4,4,2,4,4,4,4,3,4,1,3,1,0,0
353,2,26,1,0,2,2,3,3,2,4,4,4,3,2,3,3,1,1,1,1,1,1,1,0,0
354,2,43,3,0,4,4,3,3,2,5,5,5,4,3,3,3,1,3,3,3,2,2,2,0,0
355,1,53,2,0,5,3,4,4,3,4,5,5,3,4,3,4,3,3,3,3,3,4,3,0,0
356,1,44,3,0,5,3,3,4,2,4,4,5,3,4,4,3,1,2,2,4,4,4,4,0,0
357,2,44,3,0,5,3,4,4,2,4,3,4,4,3,4,2,1,3,2,2,2,2,2,0,0
358,1,38,2,0,4,5,3,4,2,4,4,4,4,3,3,3,1,1,2,3,2,2,2,0,0
359,1,39,2,0,5,2,2,2,1,3,3,4,4,4,4,3,2,2,4,4,4,4,2,0,0
360,2,32,3,0,5,3,2,3,2,4,4,4,3,3,2,3,3,3,2,2,2,1,1,0,1
361,1,70,1,0,2,3,4,4,4,4,5,5,3,4,4,4,4,4,4,4,4,4,4,0,0
362,1,58,1,0,5,3,4,4,2,3,4,4,3,3,3,2,3,3,3,3,2,2,2,0,0
363,1,19,1,0,1,3,2,3,1,2,3,4,2,2,1,2,2,2,1,1,1,1,1,1,0
364,2,52,2,0,3,2,4,4,4,4,5,5,2,3,4,3,3,3,2,2,2,2,2,1,0
365,2,39,3,0,5,3,3,4,1,3,2,2,2,3,4,2,2,1,1,2,3,3,2,0,0
366,1,55,1,0,4,1,4,4,3,5,4,5,4,4,4,3,3,4,2,2,2,2,2,0,0
367,1,30,2,0,5,2,4,4,3,4,4,5,3,4,3,2,1,1,2,2,2,2,3,2,1
368,2,43,2,0,3,3,3,4,2,3,4,5,3,4,4,3,3,3,2,3,2,3,2,2,0
369,1,51,1,0,3,3,3,3,2,4,4,4,4,3,3,2,2,3,2,2,2,2,2,0,0
370,1,41,1,0,4,3,3,3,3,4,5,5,3,4,4,2,3,2,3,3,3,3,3,0,0
371,1,52,1,0,4,4,4,4,3,4,4,4,2,4,4,3,4,4,3,3,4,4,4,0,0
372,2,72,1,0,3,2,2,3,2,4,5,4,3,3,4,4,3,4,3,3,3,3,2,0,0
373,2,46,1,0,2,3,4,4,3,4,4,4,2,3,4,3,2,4,3,4,4,4,4,0,0
374,1,36,1,0,5,3,4,4,4,4,5,5,1,4,4,3,2,1,1,3,2,3,2,0,1
375,2,34,3,0,4,3,4,3,2,4,4,5,2,3,3,2,3,3,2,2,2,3,2,1,1
376,2,39,3,0,5,4,4,4,3,3,4,4,1,3,4,1,2,3,1,2,2,3,3,0,0
377,1,59,1,0,4,4,3,3,2,4,4,4,2,3,3,3,3,3,2,3,2,3,2,0,0
378,2,25,2,0,2,3,3,3,3,4,3,4,2,4,3,3,2,2,4,4,2,3,2,0,0
379,2,47,3,0,4,2,3,4,2,3,3,4,4,4,4,3,1,3,3,3,2,4,1,0,0
380,2,46,2,0,3.366,5,3,3,3,4,4,4,3,2,4,3,2,3,4,3,2,2,2,0,0
381,1,40,1,0,5,2.7233333333333336,4,4,4,3,3,5,2,4,4,4,4,1,1,1,1,1,1,0,0
382,2,72,1,0,3,2.72,3,3,3,3,4,5,4,3,2,4,3,3,4,4,2,4,2,0,0
383,2,50,2,0,3,3,3,3,3,2,3,4,3,4,3,3,3,3,2,3,2,2,2,0,0
384,1,25,1,0,0,3.13,3,3,3,4,4,4,3,2,4,3,4,3,1,1,1,2,2,0,0
385,1,54,1,0,5,4,3,4,2,4,4,5,4,4,4,1,1,3,2,3,2,2,2,0,0
386,1,49,2,0,5,3,2,4,2,1,2,5,3,4,3,4,2,1,3,3,3,3,2,0,0
387,2,27,2,0,4,3,2,2,1,3,2,2,3,3,3,2,3,3,3,4,2,2,3,1,0
388,2,69,1,0,2,1,4,4,3,5,5,5,4,4,4,4,3,3,3,3,2,2,2,1,1
389,1,53,2,0,5,3,3,3,2,5,5,5,2,4,4,3,3,2,3,4,3,3,4,0,0
390,1,42,3,0,5,4,1,1,1,2,3,3,3,3,3,3,4,4,1,2,2,3,1,0,0
391,1,42,1,0,2,3,3,3,2,3,4,4,3,4,4,3,3,3,3,3,3,3,2,0,0
392,1,34,2,0,5,1,3,4,4,5,5,5,4,4,4,4,4,4,3,4,2,2,2,3,0
393,1,61,1,0,3.6423333333333328,2.57,3,4,2,4,3,4,4,3,2,2,2,3,3,3,2,2,2,0,0
394,2,46,3,0,4,4,2,3,1,3,3,3,3,3,3,3,2,2,1,1,2,3,1,0,0
395,2,64,3,0,3,4,3,3,3,4,3,4,3,3,4,3,3,3,4,4,2,2,2,1,0
396,2,24,3,0,3,3,1,1,1,2,2,1,4,4,4,4,4,4,4,4,3,4,2,0,0
397,2,68,1,0,2,3,2,2,1,3,3,3,3,4,4,3,2,3,4,4,4,4,4,0,0
398,1,54,2,0,2,3,2,2,2,2,4,3,2,2,3,4,3,3,4,4,3,3,3,3,3
399,1,42,2,0,4,3,4,4,3,4,4,5,2,4,4,4,3,3,4,4,2,2,2,1,1
400,1,41,1,0,3,4,2,3,1,4,4,4,4,3,4,3,4,2,2,2,2,2,2,0,0
401,1,65,3,0,2,3,3,3,3,4,4,5,3,4,3,3,2,3,3,2,2,2,2,0,0
402,2,37,2,0,3,3,1,2,1,3,4,4,3,4,4,3,2,4,2,4,2,3,2,0,0
403,2,54,2,0,3,1,3,4,2,3,5,5,4,4,4,3,2,4,4,4,2,1,4,0,0
404,2,61,2,0,2,2,2,2,3,3,3,3,3,3,4,3,3,4,4,4,4,4,4,0,0
405,2,43,1,0,2,3,3,3,2,4,4,4,3,3,3,3,2,3,4,4,4,4,4,0,0
406,2,45,3,0,5,4,3,2,2,3,2,3,3,2,1,3,1,2,1,1,2,3,2,0,0
407,2,42,2,0,5,4,4,4,3,4,5,4,3,2,3,4,1,1,1,3,2,1,2,0,0
408,1,50,2,0,5,3,4,4,4,3,5,4,4,4,4,1,3,1,1,1,1,1,1,0,0
409,1,18,1,0,0,3.64,3,3,1,3,3,3,3,4,4,3,1,2,2,2,2,2,2,0,0
410,2,25,2,0,0,3.263333333333333,3,3,2,2,3,3,2,3,3,2,2,2,1,4,2,2,2,0,0
411,1,71,1,0,4,4,3,4,2,5,3,5,3,4,4,3,4,4,4,3,1,1,2,0,0
412,1,67,2,0,3,3,4,4,4,4,4,5,1,4,3,4,2,1,4,4,4,4,4,0,0
413,1,63,2,0,5,2,3,3,3,4,4,4,4,4,2,3,4,4,4,4,1,1,1,0,0
414,1,40,2,0,4,3,4,4,2,4,5,5,3,4,4,3,4,4,2,2,2,3,3,0,0
415,1,36,3,0,5,1,3,4,2,4,4,4,3,4,4,3,4,2,4,4,2,3,2,0,0
416,2,25,3,0,3,4,2,2,2,2,3,3,3,2,4,2,2,2,2,3,2,2,1,0,0
417,1,23,2,0,3,3.18,3,3,2,2,3,4,1,3,3,2,3,2,2,2,3,3,3,0,0
418,1,67,1,0,3,1,4,4,3,5,5,5,3,4,4,3,4,4,4,4,4,4,3,0,0
419,2,38,1,0,1,3,2,3,1,3,4,5,3,4,4,3,1,3,1,1,2,1,1,0,0
420,1,54,1,0,5,2,4,4,3,3,4,4,3,4,2,3,3,4,4,4,3,4,4,0,0
421,2,64,2,0,2,4,1,3,1,4,4,4,4,3,4,3,1,2,1,2,2,2,2,0,0
422,2,67,2,0,3,3,2,3,1,4,1,2,4,3,3,2,3,3,4,4,3,3,2,1,0
423,1,75,2,0,2,4,3,4,3,5,5,5,3,1,4,4,3,3,3,4,3,3,3,0,0
424,1,64,2,0,2,3,1,1,1,3,3,5,4,4,4,4,2,2,2,2,3,2,3,0,0
425,2,64,1,0,3,3,4,4,2,5,5,4,4,4,4,3,2,3,2,2,4,3,3,0,0
426,2,40,1,0,2,3,3,3,2,4,4,5,3,3,4,2,3,2,2,4,2,4,3,0,0
427,1,36,3,0,4,2,2,4,2,4,5,5,3,4,4,2,4,3,4,4,3,3,3,0,0
428,2,30,2,0,3,3,2,2,1,4,1,1,4,4,3,4,2,4,4,4,2,2,2,0,0
429,1,21,2,0,2,3,3,2,1,1,2,4,4,4,4,2,1,2,3,2,1,1,2,0,0
430,2,59,2,0,3,2,2,2,2,2,2,4,3,3,3,2,2,2,1,2,2,2,1,0,0
431,2,69,1,0,3,2.185,4,3,2,5,5,5,3,4,4,4,2,3,3,3,3,3,3,0,0
432,2,65,2,0,3.228333333333333,2,4,4,2,4,4,4,4,3,4,3,3,1,2,3,2,3,3,0,0
433,2,26,3,0,5,3,4,3,2,4,3,4,2,3,4,2,1,2,2,3,2,2,2,0,0
434,1,36,3,0,5,2,2,2,2,3,4,4,3,4,4,4,4,4,2,3,4,4,3,2,2
435,1,32,3,0,5,2.695,4,4,3,5,5,5,3,4,4,4,3,1,2,2,3,3,3,0,0
436,1,34,2,0,5,3,3,3,3,2,3,4,4,3,2,3,2,2,4,2,2,2,2,0,0
437,2,51,1,0,3,1,4,4,3,4,4,5,2,4,4,4,2,2,1,2,4,3,3,2,2
438,2,38,2,0,5,3,2,2,1,3,2,2,4,1,3,2,2,2,2,2,1,1,1,0,0
439,2,35,3,0,5,3,4,3,2,3,3,4,1,1,1,2,2,2,1,1,1,1,1,0,0
440,2,38,3,1,5,3,4,4,4,4,4,5,2,4,4,4,4,3,2,3,2,3,2,0,0
441,2,33,3,1,4,4,2,2,3,2,2,2,3,2,3,3,3,2,2,4,3,4,4,1,2
442,2,23,2,1,4,2,4,3,1,3,4,5,4,4,4,4,4,4,1,2,1,1,1,1,0
443,2,55,2,1,3,2,3,4,2,4,4,4,3,3,3,3,2,3,2,2,2,3,2,0,0
444,1,29,1,1,3,5,4,4,4,5,4,5,4,4,4,4,4,1,4,4,3,3,3,1,0
445,1,75,1,1,3,5,2,2,2,3,4,4,3,3,4,3,3,4,4,4,2,2,2,0,0
446,2,80,3,1,2,3,2,2,2,4,4,4,3,3,3,2,2,3,2,2,2,2,2,0,0
447,1,58,1,1,3,4,2,3,1,5,4,5,4,2,3,3,3,2,1,2,1,2,1,0,0
448,2,37,3,1,5,3,2,4,2,3,3,3,4,2,3,1,2,1,1,1,1,1,1,0,0
449,1,33,3,1,4.47,3,3,3,2,4,3,3,3,3,4,2,3,3,2,3,3,3,4,0,0
450,2,27,2,1,5,3,1,1,1,3,2,4,2,2,2,3,1,1,1,1,1,1,1,0,0
451,2,35,3,1,3,3,2,3,2,4,3,5,3,4,4,3,1,1,2,2,2,2,2,0,0
452,2,61,2,1,5,4,4,4,4,3,2,2,3,4,4,4,2,1,4,4,4,4,4,0,0
453,1,48,2,1,5,5,4,4,4,5,5,5,2,1,4,1,1,1,3,3,3,3,3,0,0
454,1,41,1,1,5,5,3,3,2,2,2,3,4,4,4,3,3,2,2,4,3,3,2,1,0
455,1,41,3,1,5,1,3,4,1,4,4,4,3,1,1,1,1,1,4,4,4,4,4,0,0
456,2,66,3,1,4,2,4,4,3,3,4,5,3,3,4,2,2,4,2,3,3,4,2,3,2
457,1,55,2,1,5,3,3,4,2,4,4,4,2,2,2,2,4,3,2,3,2,2,2,0,0
458,2,75,3,1,3,4,4,3,2,3,3,3,4,3,3,3,3,3,4,3,3,3,2,0,0
459,2,66,2,0,2,1,2,3,2,5,5,5,2,1,4,3,1,4,3,3,3,4,3,0,0
460,1,28,2,0,4,4,3,3,2,2,4,4,4,4,4,3,3,3,3,3,2,2,2,1,1
461,1,22,2,0,3,4,2,2,2,4,3,2,3,3,4,3,3,2,2,2,2,2,2,0,0
462,2,23,2,0,4,4,1,1,1,4,4,4,4,3,2,2,2,2,1,1,1,1,1,0,0
463,1,67,1,0,3,3,3,3,3,5,5,4,3,4,1,4,3,2,2,2,2,2,2,0,0
464,2,64,3,0,3.286666666666666,5,3,3,2,4,3,3,4,3,4,2,1,3,4,4,4,4,4,0,0
465,1,66,1,0,3,3,3,4,4,4,4,4,2,4,4,3,2,2,4,4,4,4,4,2,3
466,1,81,1,0,2,3,3,3,2,4,4,4,1,2,3,3,3,3,2,3,3,2,3,0,0
467,2,73,2,0,3,2,3,3,2,3,4,4,3,3,4,4,2,3,4,4,4,4,4,0,0
468,1,62,3,0,3,1,2,2,2,4,3,5,4,4,4,4,4,3,4,3,4,4,4,0,0
469,1,66,1,0,3,3,4,4,3,4,4,4,3,3,3,3,3,3,3,4,4,4,4,0,0
470,1,47,1,0,5,4,4,4,4,5,5,5,4,3,4,3,3,1,4,4,4,4,4,0,0
471,2,52,1,0,2.65,3,4,3,3,4,3,4,4,3,4,3,3,3,3,4,4,4,4,3,0
472,1,47,1,0,3.485,3,4,4,4,5,4,4,3,4,4,3,3,3,1,3,3,4,3,0,0
473,1,33,2,0,5,3,4,4,2,3,4,4,3,4,4,2,2,2,2,2,2,2,2,0,0
474,1,31,3,0,5,2,2,2,2,3,3,3,3,4,3,3,2,2,2,3,2,2,2,1,0
475,1,29,2,0,4,4,3,2,2,2,2,2,4,4,4,3,2,2,4,4,4,4,3,0,0
476,1,53,1,0,3,3,2,3,1,4,3,4,4,2,3,2,2,1,2,2,1,2,1,0,0
477,2,65,1,0,2,2.74,3,3,3,4,3,4,3,4,3,3,2,2,2,2,3,3,2,0,0
478,2,24,1,0,3,3,4,4,3,5,5,5,4,3,4,3,3,1,2,2,2,2,2,0,0
479,1,41,3,0,5,5,4,4,2,4,4,4,4,3,4,4,4,3,4,4,3,4,3,0,0
480,1,48,3,0,4,3,4,4,4,5,5,5,2,4,4,3,2,3,4,4,4,4,4,0,0
481,2,40,3,0,5,3,3,3,1,4,2,2,3,1,1,1,1,1,1,1,1,1,1,0,0
482,2,40,3,0,5,4,3,3,1,3,2,4,1,2,3,2,1,3,1,2,2,2,1,0,0
483,2,70,1,0,2,2,4,4,4,4,5,4,4,4,4,4,2,4,3,4,3,4,3,0,0
484,2,42,2,0,5,3,3,2,2,4,4,4,2,4,4,4,4,4,2,3,2,2,2,0,0
485,2,31,1,0,3,4,1,2,1,3,2,1,4,3,4,1,1,2,2,2,2,2,2,0,0
486,1,61,2,0,4,3,2,2,2,3,4,4,3,1,3,2,3,3,2,3,1,1,1,0,0
487,2,69,2,0,2,2,3,3,2,3,3,5,4,4,4,3,4,4,4,4,3,3,3,0,0
488,2,61,1,0,2,2,2,3,2,4,2,2,4,3,3,4,2,4,3,4,1,2,1,0,0
489,2,74,1,0,2,2.9,3,3,3,4,4,5,3,2,4,3,2,3,2,3,3,3,3,0,0
490,2,56,2,0,5,2,4,3,2,4,3,3,2,3,3,3,2,2,4,4,3,3,3,0,0
491,1,47,2,0,4,4,2,2,1,3,3,3,4,4,4,4,4,2,2,2,2,2,2,0,0
492,1,59,1,0,3,4,2,2,2,4,4,4,3,4,3,3,3,3,4,4,4,4,2,0,0
493,1,20,2,0,1,2,3,4,2,4,3,4,2,1,3,2,3,2,3,3,4,4,4,0,0
494,2,68,1,0,2,2.8957142857142855,1,1,1,4,4,4,4,3,3,4,2,4,3,3,3,2,2,0,0
495,1,24,1,0,4,3,4,4,4,5,5,5,2,4,2,4,2,3,1,1,2,2,2,0,0
496,2,59,2,0,4,3,4,3,4,4,4,4,1,3,2,3,3,2,3,3,2,3,2,0,0
497,2,52,2,0,2,3,4,4,4,5,5,5,1,1,4,1,1,4,4,4,4,4,2,2,0
498,1,25,2,0,4,1,4,4,2,4,4,5,3,3,3,4,4,3,3,3,2,3,2,0,0
499,2,32,2,0,5,3,3,3,3,4,4,4,3,3,4,3,1,1,2,2,3,4,2,0,0
500,1,26,1,0,3.41,3,4,4,4,3,4,5,2,3,4,2,1,1,1,4,1,1,1,0,0
501,1,62,3,0,5,3,3,2,2,4,4,4,3,4,4,4,4,4,3,4,2,3,2,0,0
502,1,57,3,0,5,2,2,2,2,1,1,4,4,4,3,3,4,2,2,2,2,2,2,0,0
503,2,45,2,0,4,3,4,4,3,2,3,2,2,3,4,2,1,1,2,3,2,3,2,0,0
504,2,65,2,0,4,3,2,2,2,4,4,4,4,3,4,3,1,3,4,3,2,2,2,0,0
505,1,49,3,0,5,4,2,2,2,2,3,5,4,4,4,3,4,2,4,4,4,4,4,0,0
506,2,27,2,0,2,3,4,4,4,4,4,4,3,3,4,1,3,4,2,2,2,2,2,0,0
507,2,18,1,0,0,4,2,2,1,4,4,4,3,3,4,4,3,2,3,3,2,3,2,0,0
508,1,54,2,0,5,2,3,4,1,3,4,4,4,4,3,3,2,2,2,2,2,2,2,0,0
509,2,69,1,0,2,3,4,4,4,5,5,5,2,3,4,2,3,3,3,3,3,3,2,0,0
510,1,30,1,0,3,3.313333333333333,3,3,3,4,4,4,2,2,4,3,3,3,3,3,3,3,3,0,0
511,2,51,3,0,5,3,3,3,2,3,4,4,1,3,3,2,2,2,1,1,2,2,2,0,0
512,2,36,3,0,3,2.818333333333334,4,4,4,4,4,4,4,4,4,2,3,2,4,4,4,4,4,0,1
513,1,69,1,0,2,3,2,1,1,4,3,4,2,2,4,3,4,3,2,3,1,2,1,0,0
514,1,58,3,0,5,2,3,3,2,3,3,4,3,3,3,3,3,3,3,3,2,2,2,0,0
515,1,45,2,0,5,3,2,2,2,2,3,3,2,2,2,2,2,3,2,2,2,2,2,1,1
516,1,39,1,0,4,4,2,2,3,4,5,4,3,3,3,3,2,3,3,3,3,3,3,0,0
517,1,35,2,0,5,2,4,4,3,4,4,5,3,3,3,3,3,1,2,2,2,4,2,0,0
518,2,47,3,0,5,1,3,2,1,4,4,4,3,4,4,4,4,4,4,4,2,4,1,0,0
519,1,63,1,0,4,3,2,3,2,4,3,4,3,3,4,2,3,2,3,4,2,4,2,0,0
520,1,66,2,0,3,2,1,1,1,5,4,5,4,4,4,4,4,4,3,3,3,3,3,0,0
521,2,55,1,0,3,3,1,2,1,3,3,3,4,3,3,2,2,3,2,2,2,2,2,0,0
522,1,30,2,0,5,4,3,3,1,2,3,4,2,1,3,3,1,3,1,1,1,1,1,0,0
523,1,31,2,0,4,5,3,3,2,4,4,4,3,3,3,2,2,3,3,3,2,2,2,0,0
524,1,42,2,0,4,4,4,4,3,4,4,4,4,4,4,3,4,3,4,4,4,4,4,0,0
525,1,63,2,0,4,3,3,4,2,4,5,4,3,4,4,3,1,2,2,4,2,2,2,0,0
526,1,51,1,0,5,1,4,4,3,4,4,4,4,3,4,3,2,3,2,2,2,2,2,0,0
527,2,27,3,0,4,3,2,2,2,3,3,3,4,3,2,3,3,3,4,4,4,4,4,0,0
528,2,65,1,0,1,2,3,3,2,3,4,4,4,3,3,3,3,3,3,4,3,4,3,0,0
529,2,46,3,0,5,3,1,2,1,4,3,4,4,3,3,2,3,3,3,3,4,3,3,0,0
530,1,39,3,0,5,4,3,3,2,3,3,2,2,3,3,3,3,3,2,2,2,2,2,0,0
531,1,69,1,0,3,4,3,3,2,4,4,5,4,4,3,2,3,4,4,4,2,2,2,0,0
532,2,69,1,0,3,3,2,3,2,4,4,4,4,3,3,3,2,3,3,3,2,3,2,0,0
533,2,26,3,0,0,1,4,4,3,4,1,5,1,2,4,2,1,1,1,1,1,1,1,0,0
534,2,53,3,0,5,3,2,3,1,3,4,3,2,4,3,3,2,4,3,3,2,2,1,0,0
535,2,67,2,0,2,4,3,3,3,3,4,3,4,4,4,4,4,4,4,4,4,4,4,0,0
536,2,34,2,0,5,3.4,3,3,1,3,3,3,3,3,3,2,1,2,1,1,2,2,2,0,0
537,2,38,1,0,3,3.355,3,2,1,4,5,5,2,4,4,3,1,2,2,2,3,3,2,0,0
538,1,29,1,0,3,3,4,4,2,5,5,5,1,4,4,3,3,2,2,1,1,2,1,0,0
539,2,48,2,0,3,4,2,3,2,4,3,4,3,2,4,3,2,3,1,2,1,2,1,0,0
540,1,49,2,0,4,2,4,4,2,5,5,5,3,4,4,3,3,3,1,2,2,1,1,0,0
541,1,23,1,0,4,3,4,4,3,5,5,5,3,3,3,1,2,1,2,2,3,3,3,1,0
542,2,18,1,0,0,3,2,2,2,4,4,4,3,4,3,3,2,2,2,2,2,2,2,0,0
543,2,54,2,0,3,2,2,3,2,4,5,5,3,3,2,3,1,3,1,1,1,1,1,0,0
544,2,41,1,0,3,2,3,4,3,3,2,3,3,2,4,3,3,3,2,2,3,3,3,1,1
545,2,67,1,0,3,3,3,3,3,3,4,4,2,3,3,2,2,2,2,3,2,3,2,0,0
546,1,70,1,0,2,4,2,3,2,4,4,5,4,4,4,3,2,2,4,4,4,4,2,0,0
547,1,66,2,0,4,2,1,1,1,3,3,3,4,4,2,2,2,3,4,4,4,4,4,0,0
548,1,42,2,0,5,3,4,4,4,3,3,5,4,4,4,2,3,1,3,4,4,4,4,3,0
549,1,73,1,0,2,3,3,4,3,4,4,5,3,3,4,4,4,3,2,4,2,3,2,0,0
550,1,50,1,0,3,3,3,2,2,4,4,4,4,3,4,3,2,3,2,2,2,2,2,0,0
551,2,63,3,0,3,3,3,4,3,5,5,5,4,4,4,2,2,3,3,3,4,3,3,0,0
552,2,56,1,0,2,2,4,4,4,4,4,5,2,3,2,3,4,3,2,2,3,3,3,0,0
553,1,63,1,0,3,3,3,4,3,3,4,4,2,4,4,3,3,3,2,3,2,2,2,0,0
554,2,61,1,0,2,2,3,3,2,4,4,4,4,3,3,3,2,3,1,2,1,2,1,0,0
555,1,55,1,0,3,3,4,4,4,4,4,4,2,4,4,4,4,4,4,4,4,4,4,0,0
556,1,63,1,0,2.8735000000000004,3,4,4,4,5,5,5,2,2,4,2,2,4,4,3,3,4,4,0,0
557,1,22,2,0,1,3,2,3,2,4,4,5,3,3,3,3,3,3,2,2,2,2,2,0,0
558,2,54,2,0,4,3,4,4,4,4,4,5,1,4,4,2,3,3,4,3,3,4,4,0,0
559,1,45,2,0,5,5,3,3,2,4,4,4,3,3,4,3,4,3,2,2,2,2,2,0,0
560,1,23,1,0,5,3,1,2,1,1,3,3,4,4,4,4,4,2,2,2,2,2,2,0,0
561,1,34,2,0,4.446000000000001,4,2,2,2,3,4,4,3,3,4,3,3,3,3,3,2,2,2,0,0
562,2,25,3,0,4,3,3,3,2,3,3,3,3,3,3,3,2,3,1,1,1,1,1,0,0
563,1,27,2,0,5,3,3,3,1,4,4,5,4,4,4,3,3,2,2,3,2,2,1,0,0
564,2,28,3,0,2,2,2,4,2,2,3,4,4,3,3,2,2,1,2,2,2,1,2,0,0
565,1,54,1,0,4,3,4,4,4,4,5,5,4,2,4,4,2,2,2,2,2,2,2,0,0
566,2,57,2,0,4,3,3,4,2,4,4,5,4,4,4,1,1,2,2,3,2,2,2,0,0
567,2,67,1,0,3,2.39,2,4,2,3,3,3,3,2,2,4,1,3,3,3,2,2,2,0,0
568,1,63,2,0,4,3,2,2,1,2,4,3,3,4,4,3,3,4,2,2,2,3,3,1,2
569,1,56,3,0,5,3,4,4,3,3,4,4,4,4,3,3,4,3,2,2,2,2,2,0,0
570,1,36,2,0,4,3,4,4,3,5,5,5,1,4,4,2,3,2,2,2,3,4,4,1,0
571,1,42,1,0,3,3,4,4,3,5,5,4,2,3,4,3,3,3,3,3,3,3,3,1,1
572,1,63,1,0,2,1,4,4,3,3,4,5,3,4,4,3,3,3,4,4,3,3,3,0,0
573,2,55,2,0,3,1,4,4,4,4,4,4,2,4,4,2,3,3,2,3,2,3,2,1,1
574,2,52,3,0,4,3,2,2,2,3,4,4,4,4,4,4,2,4,2,4,3,3,3,0,0
575,2,56,1,0,0,4,3,4,1,4,5,5,3,4,4,3,2,3,4,3,2,2,2,0,0
576,2,29,3,0,2,2,2,3,1,3,3,4,4,1,2,1,1,3,2,2,2,2,2,0,0
577,1,32,1,0,3,2.495,4,4,2,4,4,4,4,4,4,4,3,4,1,1,4,4,3,0,0
578,2,31,3,0,4,2,3,2,2,4,3,5,3,3,4,3,3,3,4,4,4,4,4,0,0
579,1,33,2,0,4,3,2,3,2,4,2,2,3,4,4,4,4,4,4,4,3,2,2,0,0
580,1,42,1,0,5,3.16,2,2,2,4,4,4,4,3,4,1,3,3,4,4,3,4,3,0,0
581,1,62,1,0,2,3,1,3,2,3,3,3,4,3,3,3,4,3,4,4,4,4,4,1,2
582,2,42,2,0,3,3.273333333333333,2,1,1,3,3,2,3,4,3,3,2,3,3,2,2,2,2,0,0
583,1,33,2,0,5,4,2,1,2,3,4,5,3,4,4,4,4,3,1,4,1,1,1,0,0
584,1,72,1,0,3,3,2,3,1,4,4,4,4,3,3,4,2,4,2,2,2,3,2,0,0
585,2,37,1,0,2,3,2,2,2,4,4,4,2,3,4,3,3,3,2,2,2,2,2,0,0
586,1,66,1,0,3,1,3,3,2,4,5,5,4,4,4,3,4,4,4,4,3,3,2,0,0
587,2,35,3,0,2,1,3,4,2,3,4,4,4,4,4,4,3,4,4,4,4,4,4,0,0
588,1,48,3,0,5,3.2739999999999996,4,4,4,3,3,3,4,4,2,4,3,3,4,4,4,4,4,0,0
589,1,68,1,0,2,2,3,3,2,3,3,4,3,4,4,3,3,4,4,4,3,4,3,0,0
590,1,38,1,0,3,4,4,4,4,4,5,5,3,4,4,4,4,4,4,4,3,4,3,3,2
591,2,49,1,0,4,3,4,4,3,4,5,5,3,3,3,3,1,2,2,3,1,4,2,0,0
592,1,47,3,0,5,3,4,4,3,4,4,4,3,4,4,2,1,1,2,2,1,1,1,1,0
593,2,39,3,0,4,3.283,4,3,2,3,3,5,3,3,3,2,1,3,1,2,1,2,1,0,0
594,2,63,3,0,3,3,3,4,2,1,4,5,2,3,4,3,2,3,3,4,3,3,3,0,0
595,2,22,2,0,3,2,3,4,2,3,4,4,4,4,4,4,1,2,3,3,2,2,2,0,0
596,2,48,3,0,1,3,4,4,4,5,4,5,2,4,2,3,3,2,2,3,2,3,3,1,0
597,1,69,2,0,2,4,4,4,4,4,4,4,3,4,4,2,2,4,3,3,3,3,3,0,0
598,2,28,1,0,2,3,4,4,2,4,5,5,3,2,4,1,1,2,3,3,3,3,3,0,0
599,1,34,1,0,5,3,3,4,2,4,5,4,4,3,4,3,3,3,4,4,3,3,1,0,0
600,1,49,3,0,5,3,3,3,2,3,3,4,3,3,4,2,4,3,2,3,2,2,1,0,0
601,1,56,1,0,5,3,3,4,3,3,3,5,3,4,3,2,2,3,2,3,2,2,2,0,0
602,2,36,3,0,4,2,3,3,2,4,4,4,3,3,3,2,2,4,4,4,2,3,1,0,0
603,2,67,2,0,2,2,2,3,2,3,4,4,4,3,4,3,2,4,1,2,2,1,1,0,0
604,2,64,2,0,3,3,3,4,2,4,4,4,3,4,3,3,2,3,1,4,2,2,2,0,0
605,1,40,3,0,4,5,1,3,1,3,3,3,4,3,4,3,1,2,1,1,2,2,2,0,0
606,1,55,2,0,5,2.9283333333333332,2,3,2,3,3,2,3,3,4,3,3,2,4,4,2,2,2,0,0
607,2,48,2,0,3,3,4,4,3,4,4,4,4,2,3,3,2,4,3,4,3,4,2,1,1
608,1,30,3,0,4.06,3,3,3,3,4,4,4,3,3,4,3,3,2,3,3,3,3,3,0,0
609,1,24,2,0,3,3.326666666666666,2,3,1,4,2,4,4,4,4,2,4,3,3,3,3,3,3,0,0
610,1,58,2,0,4,2,2,3,3,3,3,4,3,3,4,2,4,2,3,3,3,3,2,0,0
611,2,56,1,0,4,2,2,4,2,4,5,5,4,4,4,2,1,3,4,4,2,2,2,0,0
612,1,23,1,0,2,3.45,3,3,1,4,3,2,3,4,4,2,4,2,3,2,2,2,2,0,0
613,1,56,2,0,3,2,4,4,4,4,4,5,2,4,4,1,3,3,2,2,4,4,4,0,0
614,2,65,1,0,3,3.03,2,2,2,4,3,3,3,3,3,3,3,3,2,2,2,2,2,0,0
615,2,62,2,0,3,2.9908333333333337,2,3,1,4,4,4,4,4,4,2,3,2,1,2,2,2,1,0,0
616,2,53,2,0,5,3,3,3,2,3,3,4,3,4,4,2,2,3,3,3,4,2,2,0,0
617,2,26,2,0,3,4,2,2,2,4,4,4,4,3,4,3,3,3,3,3,3,3,3,1,1
618,1,51,1,0,5,2.535,4,4,3,5,5,5,3,4,4,3,3,1,1,1,2,3,3,0,0
619,2,48,2,0,5,3,3,3,1,2,2,2,4,3,3,3,3,3,1,1,1,1,1,1,0
620,1,37,2,0,5,4,2,2,2,4,4,4,3,4,2,4,4,3,2,2,2,2,2,1,0
621,1,52,2,0,4,2,2,2,2,4,2,2,3,2,3,2,3,4,3,4,2,2,2,0,0
622,2,88,1,0,2,2.8,3,3,2,3,3,3,1,2,2,2,2,3,2,2,2,2,2,0,0
623,2,43,1,1,3,1,4,4,4,4,5,5,2,4,4,3,4,4,2,3,2,2,2,0,0
624,2,40,3,1,5,3,4,4,4,4,4,4,2,3,3,3,3,3,3,3,2,2,2,0,0
625,1,42,2,1,5,2,3,3,2,3,3,2,3,4,4,3,2,3,4,2,4,3,3,1,3
626,1,21,2,1,1,4,3,4,1,3,4,5,4,4,4,3,3,3,2,2,1,1,1,1,0
627,1,40,3,1,5,3,3,3,2,3,2,2,4,3,3,3,3,3,2,2,2,2,2,0,0
628,1,57,3,1,5,5,1,1,1,3,2,2,4,2,4,3,4,4,3,4,1,1,1,1,2
629,2,26,3,1,4,5,2,2,2,2,4,5,3,4,4,3,4,4,4,4,2,2,3,0,0
630,1,42,2,1,5,2,2,2,1,3,3,3,3,3,3,3,2,2,3,3,3,3,2,0,0
631,1,58,2,1,5,4,2,3,2,2,4,4,2,3,3,2,2,2,2,2,2,2,2,0,0
632,2,42,3,1,5,3,2,3,2,4,4,5,4,3,2,2,1,2,1,2,2,2,2,0,0
633,1,48,2,1,5,3,2,4,3,3,4,4,4,1,3,2,3,2,1,1,1,2,1,0,0
634,2,37,3,1,5,3,3,3,2,3,3,4,4,3,3,3,2,3,3,3,4,4,4,0,0
635,2,32,2,1,5,3,3,3,2,4,4,4,2,3,4,3,4,1,2,2,3,2,2,0,0
636,1,60,3,1,2,3,3,3,4,3,4,5,3,4,4,3,3,1,4,3,3,3,3,0,0
637,1,29,1,1,5,3,3,4,2,3,2,2,3,4,4,2,3,2,4,4,4,4,4,0,0
638,2,41,3,1,4,3,4,4,4,4,5,5,2,4,4,4,1,1,2,2,2,2,3,0,0
639,2,58,3,1,5,2,2,2,2,3,3,4,3,4,4,3,2,3,2,2,3,3,2,0,0
640,2,68,1,1,2,5,3,3,3,4,4,4,3,3,3,3,3,3,2,3,2,2,2,0,0
641,1,40,3,1,5,2,3,4,2,3,4,4,3,3,3,2,3,3,2,3,2,3,1,0,0
642,1,42,1,1,4,4,2,2,2,3,3,4,3,2,2,2,3,3,3,3,2,3,2,0,0
643,2,41,2,1,2,4,4,4,2,2,2,2,4,2,3,4,1,4,4,4,1,1,1,0,0
644,2,56,3,0,5,2,2,3,2,4,4,4,4,3,3,3,1,3,2,3,3,3,2,0,0
645,2,53,1,0,2,3,4,4,3,3,4,4,3,4,4,3,1,3,3,2,2,2,2,0,0
646,2,78,1,0,3,5,3,3,3,5,5,5,3,3,4,3,3,4,4,4,4,4,4,0,0
647,1,59,1,0,4,3,4,3,3,5,5,5,4,3,4,3,3,1,4,4,4,4,4,0,0
648,1,33,3,0,5,4,2,2,2,3,3,2,3,3,3,2,4,2,2,2,2,2,2,0,0
649,1,18,1,0,1,4,2,2,1,3,2,2,3,4,4,2,3,3,2,2,2,2,2,0,0
650,1,60,3,0,2,3,2,3,2,5,3,3,3,4,4,3,1,3,4,4,2,2,2,0,0
651,2,56,2,0,3,2,4,4,1,3,4,4,2,3,3,4,2,3,2,2,3,2,3,0,0
652,1,64,1,0,2,3,3,3,3,3,4,4,2,4,4,4,4,2,4,4,4,4,4,0,0
653,2,46,1,0,2,4,1,2,2,3,3,4,4,4,4,4,1,1,2,2,2,2,1,0,0
654,1,18,1,0,1,3,2,2,3,3,3,2,3,3,3,3,3,3,4,4,4,3,4,0,1
655,2,53,1,0,3,1,4,4,3,5,5,5,4,4,4,4,3,3,4,4,4,4,4,0,0
656,2,41,2,0,3.03,2.7375,4,4,3,4,4,5,4,3,4,4,3,4,4,4,4,4,4,0,0
657,1,33,1,0,5,3,3,3,3,2,5,5,3,3,3,2,2,3,2,3,2,2,2,0,0
658,1,73,1,0,2,2,4,4,4,4,5,5,3,4,2,2,2,2,3,3,3,3,3,0,0
659,2,78,1,0,3,3,3,3,2,3,4,4,3,4,4,2,2,3,4,4,2,2,2,0,0
660,2,72,1,0,2,3,3,3,4,4,4,4,4,3,4,3,3,3,4,4,3,3,2,0,0
661,2,63,2,0,2,3,2,3,2,3,3,3,4,3,4,3,3,2,2,2,2,3,4,0,0
662,2,33,1,0,5,3,3,3,2,3,4,4,3,4,4,3,3,1,1,1,2,3,2,0,0
663,2,40,2,0,3,2,4,4,4,5,5,5,4,4,4,3,4,3,2,2,2,2,2,1,1
664,1,29,2,0,4,5,4,4,3,5,5,4,4,3,3,3,3,3,4,4,2,4,2,0,0
665,2,74,1,0,2,2,4,4,4,5,5,5,3,3,4,4,3,4,4,4,4,4,4,0,0
666,1,28,2,0,5,4,2,3,1,3,2,4,3,2,1,2,2,2,3,2,2,2,1,0,0
667,2,62,2,0,2,4,2,2,1,3,3,2,2,2,3,2,2,3,2,3,2,2,1,0,0
668,1,35,3,0,4.61,4,4,3,2,3,2,2,4,3,3,3,3,2,3,3,2,2,2,0,0
669,2,23,2,0,4,3,2,2,2,4,4,4,3,4,4,4,4,4,2,1,1,1,1,0,0
670,2,28,2,0,3,3,3,3,2,3,4,4,3,2,3,3,2,3,2,3,2,2,2,0,0
671,2,41,3,0,5,4,2,2,1,3,4,5,3,2,2,1,1,2,1,1,1,1,1,0,0
672,1,32,1,0,4,3.338,2,3,2,4,4,4,3,4,4,3,4,3,3,3,2,2,1,0,0
673,1,69,1,0,2,4,3,4,4,4,5,5,4,4,4,4,4,3,4,3,2,2,1,0,2
674,2,49,2,0,3,3.085,3,3,2,4,4,4,3,3,3,3,2,3,2,3,3,3,3,0,0
675,1,47,2,0,2,5,2,3,2,4,3,3,2,3,2,3,2,2,4,4,3,3,3,0,0
676,1,33,3,0,5,5,2,2,1,3,3,3,4,4,4,3,3,2,1,1,2,2,2,0,0
677,1,40,2,0,4,4,1,1,1,3,2,2,3,3,3,3,3,2,2,2,3,3,2,0,0
678,2,55,2,0,3,1,2,4,1,4,4,4,3,2,4,3,2,2,1,1,1,1,1,0,0
679,1,25,1,0,1,3.44,2,2,2,3,2,5,3,1,4,4,4,1,4,4,4,4,4,1,0
680,1,55,1,0,5,3,3,3,3,4,4,4,3,3,2,2,2,3,2,2,2,3,3,0,0
681,1,69,1,0,3,2,3,3,3,4,4,4,2,3,3,3,3,3,2,3,2,2,2,0,0
682,1,71,2,0,5,3,3,2,2,3,4,5,2,4,3,2,4,3,2,3,3,4,2,0,0
683,1,64,1,0,3,1,4,4,2,4,4,4,4,3,3,4,3,3,4,4,3,4,3,0,0
684,2,43,3,0,5,3,2,2,1,3,4,4,3,3,4,3,1,4,1,1,2,2,2,0,0
685,1,50,2,0,3,3,4,4,4,4,5,5,2,3,4,3,1,1,2,4,1,1,1,0,0
686,2,23,1,0,4,3,3,3,2,5,4,4,4,4,4,3,3,4,4,4,3,3,3,0,0
687,2,23,1,0,1,4,3,3,3,3,3,3,4,2,4,4,3,4,2,4,2,3,3,0,2
688,1,44,2,0,4.55,2.9100000000000006,3,4,2,3,3,4,3,4,4,3,2,2,1,2,2,1,1,0,0
689,2,34,2,0,3,3,2,3,2,4,4,4,3,3,1,3,2,3,3,3,2,2,3,0,0
690,2,42,2,0,3,4,2,2,2,4,3,3,3,3,4,3,2,3,4,4,4,4,4,0,0
691,2,66,2,0,1,2,3,3,3,4,4,4,2,3,4,2,3,4,4,3,3,3,3,0,0
692,2,41,2,0,3,4,2,3,1,4,5,5,3,4,4,3,3,1,3,3,2,3,2,0,0
693,1,68,3,0,5,3,4,4,2,3,4,5,3,3,3,4,2,3,2,2,2,4,2,0,0
694,1,38,3,0,5,4,3,4,3,3,4,5,2,3,4,3,3,3,2,2,2,3,2,0,0
695,2,45,2,0,4,5,3,2,2,3,2,4,3,3,3,3,2,3,2,2,2,2,2,0,0
696,1,44,2,0,5,3,4,4,3,4,3,4,3,4,4,3,4,3,3,2,2,2,2,2,1
697,1,57,1,0,1,4,4,4,3,5,5,5,3,4,4,2,3,3,4,4,4,4,4,0,0
698,1,43,2,0,5,5,4,4,3,4,4,4,4,4,4,3,3,3,3,3,3,4,2,2,2
699,2,30,2,0,4,3,3,3,2,2,3,4,3,3,3,2,2,2,1,1,2,3,1,0,0
700,2,59,3,0,4,4,1,2,2,4,4,4,3,4,4,4,4,3,4,4,3,3,3,0,0
701,2,59,3,0,5,2,4,4,3,4,4,4,4,4,4,3,2,2,2,3,2,2,2,1,0
702,1,67,1,0,3,2,4,4,4,4,4,4,3,1,4,2,3,4,4,2,4,4,2,0,0
703,1,70,3,0,3,2,2,4,2,4,4,4,3,3,3,2,3,2,3,4,3,4,2,0,0
704,1,34,3,0,5,5,1,1,1,3,2,2,4,2,4,4,1,4,2,2,1,1,1,0,0
705,1,32,3,0,5,3,4,4,4,3,4,5,4,4,4,3,4,4,4,4,3,4,3,2,0
706,2,62,3,0,5,4,3,3,2,2,3,4,2,1,2,1,1,2,1,1,1,1,1,0,0
707,1,52,1,0,5,2,3,3,2,4,4,5,4,3,3,3,2,3,3,3,2,2,2,0,0
708,2,63,2,0,2,3,3,3,3,5,5,5,3,4,4,3,2,3,3,4,3,4,3,0,0
709,2,22,1,0,3,3,3,4,2,3,4,4,3,4,4,3,1,1,2,3,2,4,2,0,0
710,1,82,1,0,3,1,4,4,2,3,3,4,4,4,3,3,2,4,2,2,2,2,2,0,0
711,2,53,3,0,5,3,3,3,3,3,3,3,4,4,4,3,3,4,4,4,4,4,4,0,0
712,1,83,1,0,3,2,3,3,2,4,4,4,4,3,4,3,1,1,2,2,2,2,2,0,0
713,1,47,2,0,5,3.0039999999999996,4,4,3,3,4,5,4,4,4,4,2,4,3,3,4,4,2,0,0
714,2,63,2,0,3,5,2,2,2,3,3,5,3,3,3,3,2,4,3,3,2,1,1,0,0
715,2,62,2,0,3,3,4,4,4,4,5,5,2,3,4,3,2,3,3,3,3,4,2,0,0
716,2,28,2,0,3,3,3,4,1,3,4,4,4,4,3,1,2,3,2,2,2,2,2,0,0
717,2,47,1,0,4,2,2,4,2,3,3,4,3,3,3,3,2,3,2,2,2,2,2,0,0
718,1,67,1,0,3,1,4,4,4,5,5,5,3,2,4,4,4,4,3,3,3,3,4,1,1
719,1,31,2,0,5,4,2,3,1,3,2,3,3,3,4,3,3,1,1,1,2,2,1,0,0
720,1,42,2,0,4.01,4,3,3,2,2,3,3,2,3,4,3,4,1,4,4,4,4,2,1,1
721,1,47,2,0,5,2,4,3,3,2,2,2,4,3,4,3,4,4,3,2,1,2,2,0,0
722,1,64,2,0,2,3,2,3,2,4,5,4,3,4,3,3,3,3,3,3,3,3,3,0,0
723,2,40,2,0,3,2,2,3,2,3,2,4,2,1,3,1,1,1,2,2,2,3,2,0,0
724,1,43,1,0,5,4,3,3,1,3,2,2,3,2,1,2,2,1,2,1,1,1,1,0,0
725,1,49,3,0,5,5,3,2,1,3,4,5,4,3,4,4,1,2,2,2,2,3,2,0,0
726,2,43,2,0,3,2,4,4,3,5,5,5,2,4,4,3,2,3,1,1,1,2,1,0,0
727,1,63,3,0,5,3,3,3,2,3,2,5,3,3,3,2,3,1,2,2,2,3,2,0,0
728,2,38,3,0,4,3,4,4,4,4,4,5,3,4,4,1,1,2,2,2,2,2,2,0,0
729,1,28,2,0,5,4,2,3,2,4,4,4,4,3,3,3,2,2,2,1,2,2,2,0,0
730,1,18,1,0,1,3,4,4,3,3,3,4,4,4,4,1,4,2,4,4,4,4,4,2,0
731,1,27,2,0,5,4,1,2,1,2,2,2,4,4,3,4,3,4,1,2,1,1,1,0,0
732,2,51,2,0,2,3,4,4,3,5,5,5,4,3,4,2,1,2,1,1,2,2,2,0,0
733,1,47,2,0,5,4,2,3,1,3,3,3,3,4,3,4,3,3,2,2,2,3,2,0,0
734,2,37,2,0,5,2,1,2,1,2,2,3,2,4,4,3,2,1,2,3,2,2,2,0,0
735,2,66,3,0,2,1,4,4,4,4,5,5,4,4,4,1,2,3,4,4,4,4,4,0,0
736,2,45,1,0,1,1,4,4,3,5,5,4,2,4,4,3,3,2,1,2,2,2,2,0,0
737,1,44,3,0,5,2,3,3,2,4,4,4,4,3,4,3,2,3,2,3,2,2,1,0,0
738,2,70,2,0,2,3,3,3,3,5,5,5,4,4,4,3,3,3,4,4,4,4,4,0,0
739,2,36,3,0,4,4,4,4,3,4,4,4,3,4,3,3,2,2,3,3,3,3,3,0,0
740,1,36,2,0,3,2,3,4,3,4,4,4,2,4,4,4,3,3,3,3,3,4,3,1,0
741,1,20,1,0,1,4,3,3,2,3,3,4,3,3,3,3,3,2,1,2,1,1,2,0,0
742,1,67,2,0,2,3,4,4,4,4,4,4,3,4,4,3,4,4,4,4,4,4,4,0,0
743,2,29,3,0,3.601666666666667,2,4,4,4,3,4,5,4,4,4,4,2,1,3,3,4,4,4,2,0
744,1,65,1,0,2,2,3,4,3,5,5,5,2,4,4,3,3,2,4,4,2,2,2,0,0
745,1,26,1,0,5,3,4,4,3,4,4,5,2,4,4,2,3,2,1,1,3,3,2,0,0
746,2,36,2,0,4,3,3,4,2,3,4,4,2,4,4,3,3,3,2,3,2,2,2,0,0
747,1,57,2,0,4,3,3,3,2,4,4,4,2,3,3,3,3,2,3,3,2,2,2,0,0
748,1,25,1,0,4,3,3,3,2,2,2,1,3,2,3,2,2,2,2,2,2,2,2,0,0
749,1,18,1,0,0,3,2,3,3,4,4,4,3,3,4,2,3,2,4,4,1,1,1,0,0
750,2,25,3,0,5,2.83,3,4,3,4,3,5,2,4,4,2,1,1,1,2,1,1,1,0,0
751,2,40,2,0,3,4,2,2,2,3,4,5,4,4,4,3,1,3,2,2,2,2,1,0,0
752,1,45,2,0,5,4,3,4,2,4,3,5,3,3,4,3,3,2,3,2,2,3,2,0,0
753,2,56,2,0,3,3,3,4,3,2,4,4,2,3,1,3,2,2,2,2,3,3,3,0,0
754,1,75,1,0,2,4,3,4,2,5,5,5,3,3,4,1,2,4,3,2,2,3,2,0,0
755,1,20,2,0,1,4,2,3,1,2,2,4,3,3,3,4,2,1,2,2,2,2,2,0,0
756,1,22,1,0,5,4,2,1,2,2,3,2,3,4,4,3,3,4,3,3,4,3,3,1,1
757,1,26,3,0,4,3,4,4,2,5,4,4,4,3,3,3,3,2,2,2,2,2,2,0,0
758,2,56,3,0,5,2,4,3,3,4,4,5,2,4,4,3,2,3,2,2,4,3,4,0,0
759,2,78,3,0,3,3,3,3,2,3,4,4,3,2,4,4,3,4,3,2,2,3,2,0,0
760,1,25,1,0,1,3,4,4,3,4,4,4,1,4,4,4,4,2,2,2,2,3,2,0,0
761,1,65,2,0,2,2,3,3,3,4,5,5,2,4,4,4,3,2,3,3,3,3,3,0,0
762,1,78,1,0,3,1,3,4,2,4,5,5,4,3,4,3,2,4,3,2,2,2,2,0,0
763,2,70,1,0,2,2.5683333333333334,3,3,2,4,4,4,4,2,2,2,2,3,3,3,2,2,2,0,0
764,1,33,1,0,3,3,4,4,3,3,4,4,4,3,4,3,4,4,4,1,4,4,2,3,1
765,1,53,1,0,5,2,3,3,2,5,5,5,3,3,4,3,3,3,4,4,4,4,4,0,0
766,2,25,1,0,3,2,3,3,2,4,3,4,3,3,3,3,2,3,4,4,2,2,2,0,0
767,2,40,1,0,3,3,2,2,2,2,2,2,3,4,4,4,4,4,4,4,1,2,1,0,0
768,2,51,2,0,3,3,3,2,2,3,3,3,2,3,2,3,4,3,4,4,4,4,4,0,0
769,1,33,3,0,3,3,3,3,3,3,3,3,3,3,3,3,3,4,3,3,4,4,4,0,0
770,1,69,1,0,3,3,4,4,3,4,5,4,3,4,4,2,4,4,4,4,2,2,1,0,0
771,2,69,2,0,3,2,2,3,2,3,4,4,4,3,2,4,2,3,2,2,2,2,2,0,0
772,1,22,1,0,3,3,3,3,2,4,4,4,2,3,3,3,3,3,2,2,2,2,2,0,0
773,2,26,2,0,5,1,3,4,2,2,4,4,3,4,4,1,1,3,1,1,1,2,1,0,0
774,1,25,1,0,4,2.92,3,3,3,3,4,4,4,4,4,4,4,4,4,4,4,4,4,0,0
775,1,35,1,0,4,3,3,3,3,3,4,4,3,4,3,4,3,3,2,2,2,2,3,0,0
776,1,32,3,0,5,3,4,4,3,2,2,4,3,4,4,3,3,3,2,3,2,3,2,0,0
777,1,18,1,0,0,3,2,3,2,3,3,3,3,3,3,2,3,2,3,2,2,2,2,0,0
778,1,25,1,0,2,2.68,3,4,3,5,4,4,3,3,4,4,4,1,2,3,2,1,2,0,0
779,2,27,1,0,2,2,3,4,4,4,4,4,4,3,4,4,3,2,2,1,2,1,1,0,0
780,1,62,1,0,5,4,4,4,2,4,4,5,2,4,4,4,3,3,2,3,2,2,2,0,0
781,1,39,2,0,4,3,1,3,1,4,3,4,3,3,3,2,1,2,1,1,1,2,1,0,0
782,1,77,1,0,2,2.258047619047619,4,4,4,5,5,5,2,3,4,4,3,4,4,4,3,3,3,0,0
783,1,40,2,0,5,1,4,4,3,5,5,5,3,4,4,3,4,2,2,1,2,2,2,0,0
784,1,33,1,0,5,3,3,3,3,4,5,5,3,4,4,3,4,4,2,2,2,2,2,0,0
785,1,32,1,0,2,3,4,4,3,3,3,3,2,4,4,3,3,3,2,2,2,2,2,0,0
786,1,64,2,0,4,4,3,4,3,5,5,4,3,3,4,2,2,2,4,4,2,3,1,0,0
787,2,66,2,0,3,3,3,4,2,5,4,5,4,4,4,2,3,3,2,3,2,3,1,0,0
788,2,28,2,0,4,3,3,3,2,3,2,4,3,2,2,1,1,3,2,2,2,2,2,0,0
789,1,33,2,0,4,1,4,4,3,5,5,5,2,4,4,3,4,4,4,4,3,3,2,0,0
790,2,25,3,0,1,3,3,3,2,3,3,5,3,3,4,2,1,3,1,1,2,1,1,0,0
791,2,29,3,0,4,3,3,3,1,4,4,4,3,4,4,2,2,3,3,4,3,3,2,0,0
792,2,27,3,0,3,3,1,3,1,4,4,4,3,3,4,3,2,2,1,1,2,2,2,0,0
793,1,35,1,0,5,3.2116666666666664,2,3,2,2,3,3,4,4,4,3,3,2,3,4,2,2,2,0,0
794,1,54,1,0,5,4,4,4,4,5,5,5,2,4,4,4,3,4,2,4,2,4,4,0,0
795,2,69,1,0,3,2,3,3,3,4,4,4,2,4,4,1,2,3,3,4,3,4,4,0,0
796,1,40,3,0,5,3,4,4,2,4,4,5,4,4,4,3,4,3,2,2,4,2,2,0,0
797,2,52,1,0,2,3,3,4,3,4,4,5,2,3,4,3,3,3,4,4,2,4,2,0,0
798,1,19,1,0,0,2.935,3,4,2,3,3,4,2,4,4,2,4,2,4,4,3,3,3,0,0
799,1,67,1,0,2,3,3,4,4,5,3,5,2,2,4,4,4,1,1,1,3,2,3,0,0
800,2,37,3,0,4.14,4,3,4,2,4,3,4,3,2,3,3,1,2,1,1,1,1,1,0,1
801,1,25,2,0,5,3,2,3,2,2,2,4,3,2,3,2,2,2,2,2,2,2,2,0,0
802,1,18,1,0,0,3.225,2,3,2,2,3,4,3,4,4,1,3,2,2,2,3,3,2,0,0
803,1,28,2,0,4.155,3,3,4,2,3,5,5,3,4,4,3,3,1,2,3,3,3,3,0,0
804,1,44,1,0,4,3,4,3,2,3,4,4,2,4,4,3,3,2,2,2,2,2,2,0,0
805,1,18,1,0,1,3,3,3,3,4,2,4,4,4,4,3,3,3,3,3,3,3,3,0,0
806,2,22,2,0,0,2.5,4,4,2,4,5,5,3,4,4,3,2,1,1,1,1,3,1,0,0
807,2,69,3,0,4,1,3,4,2,3,3,3,4,3,3,3,2,1,3,3,2,2,2,0,0
808,2,41,2,0,3,4,3,3,3,4,5,5,4,4,4,4,4,3,2,2,2,2,2,1,0
809,1,40,1,0,5,2,2,2,2,3,3,4,4,3,3,3,3,3,2,3,2,2,2,0,0
810,1,46,3,0,5,3,4,3,1,3,3,3,2,2,2,1,2,2,1,2,1,1,1,0,0
811,1,54,1,1,4,2,4,4,2,5,5,5,1,4,3,4,4,4,3,4,2,3,2,0,0
812,1,28,2,1,4,4,4,4,3,3,3,3,1,3,4,4,4,3,4,4,4,2,2,1,1
813,1,44,2,1,5,2,4,4,2,3,4,4,3,3,3,3,4,4,2,2,3,4,2,0,1
814,2,68,1,1,1,3,3,3,1,4,4,4,4,3,4,3,3,4,4,3,1,1,1,0,0
815,2,69,1,1,3,3,3,4,2,4,4,4,3,4,4,3,4,3,3,4,3,4,2,0,0
816,2,52,2,1,5,3,4,3,2,3,3,4,2,2,3,3,3,4,2,2,2,1,1,0,0
817,1,59,3,1,5,3,2,3,2,4,3,3,2,3,3,3,3,3,4,4,2,2,2,0,0
818,2,50,2,1,5,3,2,2,1,3,3,3,3,2,2,1,1,2,1,1,1,1,1,0,0
819,2,29,2,1,2,3,2,3,2,3,4,5,4,3,2,2,1,3,1,1,2,2,1,0,0
820,2,30,2,1,5,4,2,3,2,4,2,2,4,3,4,3,2,2,1,1,1,2,1,0,0
821,2,46,2,1,4,3,4,4,3,5,5,5,4,3,4,2,1,3,1,1,1,1,1,0,0
822,1,72,1,1,3,1,4,4,3,4,4,5,3,3,4,4,3,4,3,3,3,3,3,1,0
823,2,19,1,1,1,3,3,3,3,4,5,5,2,4,4,2,1,1,3,3,2,2,3,0,0
824,1,40,2,1,5,4,3,4,2,4,2,4,3,4,4,3,2,2,4,4,4,4,4,0,0
825,1,32,2,1,3.8523333333333336,3,4,4,4,5,5,5,2,3,4,3,2,2,2,2,3,3,3,0,0
826,2,67,2,1,2,3,2,3,2,4,4,4,4,3,4,4,1,3,3,4,3,4,3,1,1
827,2,62,2,1,2,4,4,4,4,5,5,5,1,4,4,3,2,3,3,3,4,3,3,2,0
828,2,69,3,1,4,3,4,4,3,4,4,4,4,4,4,2,3,3,3,3,2,3,3,3,2
829,2,44,3,1,4,2.84,4,4,3,4,4,5,2,2,1,1,3,2,2,2,2,2,2,0,0
830,1,53,1,1,5,3.29,2,2,2,2,3,4,3,3,3,3,3,2,2,1,2,2,2,1,0
831,2,22,2,0,1,4,2,2,2,4,4,4,2,1,4,3,2,3,3,3,3,3,2,0,0
832,2,61,1,0,2,3,3,4,4,4,5,5,3,4,4,3,1,3,3,2,2,2,3,0,0
833,2,61,1,0,2,3,4,4,4,5,5,5,2,3,4,1,1,1,4,4,4,4,4,0,0
834,2,32,3,0,1,3,4,4,4,5,5,5,3,4,4,3,3,2,2,2,4,4,4,0,0
835,2,52,2,0,4,4,4,4,4,4,5,1,2,3,4,3,1,2,2,2,2,3,3,0,0
836,1,50,1,0,4,3,4,4,2,3,3,4,2,3,4,3,2,2,3,3,3,2,3,0,0
837,2,24,2,0,5,3,2,2,2,4,4,4,3,4,4,3,1,2,3,3,3,3,3,0,0
838,2,44,1,0,2.8966666666666665,2,3,4,1,3,4,4,2,3,4,3,2,2,2,1,2,1,2,0,0
839,2,38,3,0,5,3,3,3,2,3,4,4,3,3,4,3,2,2,3,3,3,3,2,0,0
840,1,72,1,0,2,3,3,4,3,4,4,4,4,3,4,3,3,3,3,2,2,2,2,0,0
841,2,43,3,0,5,3,1,1,1,1,2,1,3,3,4,3,4,3,4,4,2,2,2,0,0
842,2,40,2,0,4,1,4,4,4,5,5,5,4,4,4,4,3,1,3,3,3,3,3,0,0
843,1,36,2,0,3.911666666666667,3,4,3,3,4,5,5,4,4,4,3,3,3,3,3,4,3,4,2,1
844,1,25,1,0,4,3,3,4,3,5,5,5,2,4,3,3,2,2,2,2,2,2,2,0,0
845,2,75,2,0,2,3,4,4,3,5,5,5,3,4,4,3,2,3,2,2,4,4,4,0,0
846,1,25,2,0,5,3,3,4,2,3,4,4,3,4,4,1,1,1,4,2,2,2,2,0,0
847,1,51,2,0,5,3,2,4,2,3,2,4,3,3,4,3,2,2,2,2,2,2,2,0,0
848,2,75,1,0,2,2,2,2,2,3,2,3,3,4,4,3,3,2,4,4,3,3,3,0,0
849,1,66,1,0,3,2,4,4,3,4,4,4,3,1,3,2,3,2,3,3,2,4,3,0,0
850,2,55,2,0,5,4,4,4,3,3,3,4,3,4,3,3,3,2,1,1,2,3,2,0,0
851,1,58,2,0,4,2,4,4,4,5,5,5,3,4,4,2,4,1,3,3,4,4,4,0,0
852,1,22,1,0,2,5,4,4,3,4,5,5,3,4,3,4,3,4,4,4,2,4,2,0,0
853,2,53,1,0,3,2,4,4,3,5,5,5,3,4,1,4,4,4,4,4,4,4,4,0,0
854,2,18,1,0,1,3,2,3,1,3,2,3,2,2,1,1,1,1,1,1,1,1,1,0,0
855,2,69,1,0,3,2,3,4,3,4,4,5,4,4,4,3,3,3,3,4,3,3,2,0,0
856,1,28,1,0,3.675,2.795,4,4,2,4,3,5,4,4,4,3,3,2,3,3,3,3,3,0,0
857,2,66,1,0,3,2,3,4,2,4,4,4,3,3,4,3,2,2,2,2,2,2,3,0,0
858,1,22,1,0,3,3,4,4,4,3,3,3,3,4,2,3,3,2,4,4,2,2,2,0,0
859,2,58,1,0,3,2,3,4,2,4,5,5,3,3,4,3,2,2,2,2,2,2,2,0,0
860,2,58,2,0,4,3,3,3,1,4,4,4,4,4,4,3,3,3,3,3,2,3,1,0,0
861,2,38,2,0,3,3,2,2,1,5,4,5,3,4,4,3,2,1,1,1,1,3,1,0,0
862,1,37,1,0,4,4,4,4,3,4,4,4,3,3,4,2,2,2,1,3,2,3,3,1,0
863,1,39,1,0,5,4,3,4,2,3,3,4,2,2,3,3,2,3,3,3,2,2,2,0,0
864,2,42,2,0,3,4,2,2,1,4,3,4,4,4,4,3,3,2,2,2,2,2,2,0,0
865,2,69,1,0,1,3,4,4,4,4,4,4,3,3,3,3,2,3,4,4,4,4,4,0,0
866,2,70,1,0,2,3,2,3,1,4,4,4,4,3,4,4,3,4,4,4,2,2,2,0,1
867,2,43,2,0,4,3,2,3,1,3,1,2,3,4,4,3,3,3,1,1,2,2,2,0,0
868,2,51,3,0,4,3,4,4,4,4,4,4,4,4,4,4,3,2,3,3,3,3,2,1,0
869,2,23,2,0,2,3,3,3,3,3,3,3,2,2,3,2,2,2,2,3,2,2,2,0,0
870,1,73,3,0,4,4,4,4,3,4,4,5,2,3,4,2,4,4,3,3,3,4,2,0,0
871,2,65,1,0,2,1,3,3,2,4,4,5,3,3,3,4,2,3,2,3,2,2,2,0,0
872,1,19,1,0,1,5,2,2,2,4,3,4,2,3,4,3,3,1,3,3,4,4,4,0,0
873,2,74,1,0,2,2,4,4,4,4,5,5,2,3,4,3,2,2,2,4,1,2,2,0,0
874,2,67,1,0,3,2,3,3,3,4,4,4,3,4,4,4,3,4,4,4,2,2,2,0,0
875,2,70,1,0,2,3,3,2,3,3,3,3,3,2,3,4,2,3,3,3,2,2,2,0,0
876,2,66,1,0,3,3,2,3,2,3,3,5,3,3,4,3,3,3,2,2,2,2,2,0,0
877,2,44,2,0,3,3,2,2,2,4,4,4,3,3,4,3,2,3,3,1,2,2,2,0,0
878,1,29,1,0,4,3,2,2,2,2,3,4,4,4,4,3,3,3,3,3,3,3,3,1,1
879,1,20,1,0,1,3,3,3,3,4,4,4,2,4,3,2,4,3,4,4,4,3,3,0,0
880,1,49,1,0,5,5,3,4,1,4,4,5,2,4,4,3,2,1,3,3,4,3,2,0,0
881,2,42,1,0,4,3,2,4,1,4,4,4,4,4,3,3,2,4,2,1,2,3,2,0,1
882,2,60,2,0,3,2,4,4,4,5,5,5,2,3,4,2,2,3,2,3,2,2,2,0,0
883,1,62,3,0,3,4,3,3,2,2,3,4,3,3,3,3,2,3,2,2,2,2,2,0,0
884,2,68,1,0,2,3,4,4,4,5,5,5,2,3,4,2,4,3,2,2,3,3,2,1,0
885,2,22,2,0,1,3,3,3,2,3,2,3,1,3,3,1,2,2,2,2,2,2,2,0,0
886,1,68,1,0,4,3,4,4,3,4,4,5,4,4,4,2,2,4,4,3,4,4,4,1,1
887,2,50,1,0,3,2,3,4,2,3,4,4,4,4,4,3,2,3,2,3,3,3,2,1,0
888,2,70,1,0,2,2.3,4,4,4,4,5,5,2,4,4,4,2,2,4,4,2,4,1,0,0
889,1,36,3,0,4,4,3,3,2,3,4,4,2,2,2,3,2,2,2,3,2,3,2,0,0
890,1,48,2,0,5,3,3,3,2,4,4,4,3,4,3,3,4,3,4,4,3,3,3,0,0
891,2,18,1,0,1,2,4,4,3,4,5,5,3,4,4,3,4,2,3,3,3,2,3,0,0
892,1,25,1,0,5,3,4,4,4,4,4,5,2,3,3,3,3,3,1,1,2,2,2,0,0
893,2,20,1,0,1,3.48,2,3,2,4,2,2,3,3,4,2,2,2,2,2,2,3,2,0,0
894,2,18,1,0,1,4,1,1,1,2,2,1,3,2,2,2,3,2,1,1,1,1,1,1,0
895,2,69,2,0,3,1,4,4,2,4,4,4,3,3,4,4,3,4,3,3,2,4,2,0,0
896,2,69,1,0,2,2,3,4,2,4,4,5,3,3,4,3,2,3,2,3,2,3,2,0,0
897,2,66,2,0,3,3,3,3,2,4,4,5,4,3,4,3,2,3,3,3,3,3,2,0,0
898,2,69,1,0,3,2,3,4,3,5,5,5,4,4,4,3,3,3,3,3,3,3,3,0,0
899,1,66,1,0,3,3,3,4,4,4,4,4,3,4,4,2,2,2,2,4,4,4,4,0,0
900,2,19,2,0,4,3,4,4,2,3,2,4,4,4,4,3,2,3,1,1,2,2,1,0,3
901,1,73,1,0,4,3,3,3,3,4,4,4,2,3,3,3,3,3,4,4,4,4,4,0,0
902,2,63,1,0,3.095,3,3,4,2,4,4,4,3,3,3,3,2,2,2,2,2,2,2,0,0
903,2,31,3,0,5,5,3,3,2,3,4,4,2,1,3,2,1,3,1,1,1,1,1,0,0
904,1,74,1,0,4,3,2,3,2,3,4,4,3,3,3,3,4,3,3,3,2,2,2,0,0
905,1,66,1,0,2,4,4,4,3,4,5,5,2,4,4,3,3,4,4,4,4,4,3,0,0
906,2,18,1,0,1,3.09,3,3,2,3,4,4,3,3,3,2,2,2,2,2,2,2,2,0,0
907,1,31,2,0,5,4,2,3,1,3,3,4,3,2,1,1,2,1,2,2,2,2,2,0,0
908,1,19,1,0,1,3,3,3,3,4,4,5,2,2,2,3,3,2,2,2,2,2,3,0,0
909,1,68,1,0,3,2,4,4,2,5,4,5,4,4,4,4,4,1,3,3,3,3,3,0,0
910,1,64,1,0,2,2,3,4,2,4,4,4,4,3,4,3,3,3,3,3,2,3,2,0,0
911,2,61,1,0,3,3,2,2,2,3,3,3,4,4,3,4,4,4,2,2,3,3,2,0,0
912,2,52,1,0,4,3,3,3,2,4,4,4,3,4,4,3,3,4,2,2,3,3,3,0,0
913,1,18,1,0,0,4,3,3,2,4,3,3,3,2,3,2,2,1,2,2,2,2,2,0,0
914,2,63,3,0,3,2,4,4,3,5,5,5,1,4,4,3,2,3,3,4,4,4,4,0,0
915,2,69,1,0,2,3,4,4,3,4,4,4,2,3,4,3,3,3,2,3,2,2,1,0,0
916,2,70,3,0,2,2,4,4,2,5,5,4,3,4,4,4,2,3,1,1,2,1,1,0,0
917,2,71,2,0,2,2,4,4,4,5,5,5,2,3,3,1,1,2,2,2,2,2,2,0,0
918,2,63,1,0,4,3,2,3,2,4,3,4,3,3,3,3,2,3,2,2,2,2,2,0,0
919,2,65,1,0,3,3,2,2,1,2,2,4,4,3,3,3,3,2,1,1,1,1,1,0,0
920,2,67,1,0,2,1,3,3,1,4,2,3,4,4,4,4,3,4,4,4,3,4,2,0,1
921,1,30,1,0,3,3,3,3,3,4,4,4,2,3,3,3,2,2,2,2,3,3,3,0,0
922,2,62,1,0,3,3,3,3,2,3,4,5,4,4,4,3,1,2,2,2,2,1,1,0,0
923,1,33,1,0,5,3,2,2,1,3,2,4,2,4,4,3,4,4,4,4,4,3,3,0,0
924,1,27,1,0,3,2.85,4,4,4,5,5,5,4,4,4,3,3,3,3,3,4,4,4,1,1
925,2,22,2,0,3,5,3,4,1,4,3,4,2,4,3,3,2,1,2,3,2,3,3,0,0
926,2,33,3,0,4,3,3,2,2,4,4,5,4,4,3,3,2,3,3,3,2,3,2,0,0
927,2,63,1,0,2,2.3507142857142855,3,4,4,5,5,5,4,4,4,3,3,4,4,3,4,4,3,0,0
928,1,30,2,0,5,3,4,4,4,4,5,5,3,4,4,4,3,2,4,3,4,4,4,2,0
929,2,46,2,0,3,4,2,3,2,3,3,4,2,3,4,2,2,1,2,2,2,2,2,0,0
930,1,69,1,0,2,2,2,3,2,4,4,4,3,3,3,1,2,3,1,2,1,1,1,0,0
931,2,51,3,0,3,3,4,4,4,4,4,5,3,4,4,3,2,4,4,4,4,4,4,0,0
932,1,48,2,0,4,1,4,4,3,4,4,4,4,4,4,3,3,2,3,4,3,4,4,0,0
933,2,66,1,0,2,2,4,4,3,4,5,5,2,3,3,3,2,4,4,3,2,2,2,0,0
934,1,23,1,0,1,1,4,4,3,4,4,5,1,4,4,2,4,3,2,2,4,3,4,0,0
935,2,66,1,0,3,4,3,3,2,4,3,4,3,3,4,3,3,4,2,3,2,2,2,0,0
936,1,37,2,0,5,4,4,4,4,4,4,5,2,3,4,3,2,1,4,4,4,4,4,1,0
937,2,43,3,0,3.82,3,3,3,2,3,4,5,3,3,4,2,2,3,4,4,1,2,1,0,0
938,1,70,2,0,5,3,4,4,3,3,2,4,3,4,4,2,3,3,2,2,2,2,2,0,0
939,2,50,1,0,4,3,3,2,2,5,5,5,4,4,4,3,2,3,2,3,2,4,2,0,0
940,2,73,1,0,2,5,3,3,2,4,3,4,3,3,4,3,2,3,3,3,2,3,2,0,0
941,2,66,2,0,4,3,4,4,2,4,4,5,3,4,4,3,2,3,3,4,2,2,2,0,0
942,2,33,2,0,5,3,3,3,2,4,2,3,3,3,3,2,2,2,2,1,2,1,1,0,0
943,2,41,3,0,4,2,2,3,2,3,3,3,3,3,3,3,3,3,3,2,2,2,2,0,0
944,2,30,3,0,5,3,3,3,2,4,4,4,3,4,3,4,3,3,3,3,2,2,2,0,2
945,2,43,2,0,5,3,4,4,3,4,4,5,4,4,4,4,4,3,2,2,2,2,2,0,2
946,2,78,1,0,3,1,4,4,4,5,5,5,2,4,4,1,2,3,2,3,4,4,4,0,0
947,2,65,2,0,2,2,4,4,2,3,4,4,1,3,4,3,3,3,3,2,2,4,2,1,0
948,2,70,2,0,2,1,4,4,4,5,3,3,2,3,4,1,3,4,2,4,3,4,2,1,1
949,2,53,2,0,1,5,1,3,2,2,4,4,2,4,4,3,2,4,3,4,3,3,3,0,0
950,2,65,1,0,2,1,2,4,2,4,4,4,4,3,4,3,4,3,3,3,3,3,3,0,0
951,2,51,2,0,3,2,3,4,1,2,4,5,4,3,4,2,2,3,2,2,2,2,2,0,0
952,1,35,2,0,5,2,3,3,2,3,3,5,3,3,3,2,2,1,2,2,2,2,2,0,0
953,2,39,2,0,3,1,4,4,2,3,4,4,4,2,4,4,4,3,1,2,2,4,1,0,0
954,1,40,2,0,5,2,3,3,3,4,3,4,3,3,4,3,3,3,4,4,2,2,2,0,0
955,1,23,2,0,5,3,3,3,2,2,4,4,2,3,3,3,3,3,3,3,2,2,2,0,0
956,1,63,1,0,2,3,2,2,2,5,3,4,4,4,4,4,2,4,4,4,1,1,1,0,0
957,2,23,2,0,1,3.041666666666667,2,3,2,3,5,4,3,1,3,2,1,3,4,4,2,2,2,0,2
958,1,37,3,0,3,3,3,3,3,3,4,5,4,4,3,3,2,3,2,2,4,4,4,0,0
959,2,20,1,0,2,3.371666666666667,1,2,2,3,3,3,3,3,3,3,2,2,4,4,4,4,4,1,1
960,2,18,1,0,1,4,2,3,2,3,3,4,4,4,4,3,4,2,2,3,2,2,1,0,0
961,2,57,2,0,5,3,2,3,1,3,4,4,4,3,3,2,2,2,2,2,2,2,2,0,0
962,2,50,2,0,4,3,3,3,2,3,3,3,3,4,4,2,2,4,3,2,2,2,2,0,0
963,1,49,3,0,5,3,2,2,2,2,4,4,4,4,4,2,2,4,2,3,2,3,1,0,0
964,1,70,1,0,3,2,3,4,1,3,5,5,4,4,4,4,2,4,4,4,3,1,2,0,0
965,2,27,1,0,1,3.05,3,3,3,3,3,4,3,4,3,4,3,3,1,1,1,1,1,0,0
966,2,50,2,0,3,2,3,3,3,3,3,4,3,3,4,3,3,3,3,4,3,3,3,1,0
967,2,57,2,0,3,2,4,4,3,3,4,4,4,2,1,2,2,1,1,1,1,1,2,0,0
968,1,67,2,0,5,3,4,4,3,5,5,5,4,3,1,4,2,2,2,3,1,1,2,0,0
969,2,40,2,0,2,3,4,4,4,4,5,5,3,3,4,2,1,2,2,1,1,1,2,0,0
970,2,66,2,0,5,3,4,4,2,3,3,5,3,4,4,3,1,3,2,2,2,2,2,0,0
971,2,34,2,0,3,3.1933333333333334,2,3,2,2,2,2,4,3,3,3,3,4,1,1,1,2,2,0,0
972,2,53,3,0,5,3,4,4,4,1,5,5,2,4,4,4,2,3,2,4,2,4,2,0,0
973,2,62,1,0,3,4,4,4,3,4,5,5,3,4,4,3,1,3,4,3,2,2,2,0,0
974,2,19,1,0,0,2.845,2,4,3,5,5,5,2,4,4,4,3,1,3,4,2,2,2,0,0
975,1,19,1,0,1,3,2,2,2,3,3,3,3,3,4,2,2,3,4,3,2,2,2,0,0
976,2,23,2,0,1,3,4,4,4,3,3,5,3,3,4,3,1,3,1,1,1,1,3,0,0
977,2,66,2,0,3,3,3,4,2,4,4,5,3,4,4,2,1,4,3,3,2,2,1,0,0
978,1,36,2,0,5,3,2,2,2,2,4,4,4,3,4,2,2,2,2,2,2,3,2,0,0
979,2,36,3,0,3,3,3,4,2,1,2,5,3,3,2,2,1,3,2,2,2,2,2,0,0
980,2,66,1,0,2,3,4,4,2,4,4,4,3,4,4,2,2,4,3,3,3,3,2,0,0
981,1,62,1,0,2,2,3,3,2,4,4,5,4,3,4,4,4,2,1,2,2,2,1,0,0
982,1,76,1,0,3,1,4,4,3,4,5,5,3,4,4,3,2,3,4,4,3,4,3,0,0
983,1,50,1,0,3,5,1,2,1,3,3,3,4,4,4,2,2,3,1,2,2,2,2,0,0
984,1,28,3,0,5,3.0568333333333335,2,3,2,2,3,4,3,3,4,3,3,2,4,3,2,2,2,0,0
985,2,31,1,0,3,4,4,4,4,5,5,4,4,4,3,3,2,4,3,3,4,4,2,0,1
986,2,40,2,0,3,2.67,4,4,4,4,4,5,2,3,4,2,2,2,2,3,3,3,4,2,0
987,2,73,1,0,2,1,4,4,3,5,5,4,2,4,4,2,4,4,2,4,4,4,3,0,0
988,1,67,1,0,2,2.6593333333333335,3,3,3,4,4,4,3,3,4,3,3,2,4,4,2,4,2,0,0
989,2,67,2,0,3.244166666666666,3,2,3,2,4,4,5,2,4,4,3,2,4,4,3,2,2,2,0,0
990,2,43,3,0,5,5,4,4,2,4,2,5,2,2,4,4,3,4,4,4,2,2,2,0,0
991,2,35,3,0,5,2.861666666666667,4,4,3,1,5,5,3,4,4,4,1,2,1,1,3,3,2,0,0
992,1,28,1,0,1,3,3,3,3,2,3,3,2,2,2,3,2,2,1,2,2,2,2,2,1
993,1,18,1,0,1,3,2,2,1,3,2,4,3,3,4,3,2,3,2,2,1,1,1,0,0
994,1,26,2,0,3,1,3,4,2,4,4,4,3,4,4,4,4,3,3,3,4,4,3,0,0
995,1,20,2,0,0,2,3,4,2,3,4,4,3,3,4,3,3,1,1,2,3,2,3,0,0
996,2,71,1,0,3,1,4,3,2,3,4,4,2,4,4,3,3,3,2,3,3,2,2,0,0
997,2,55,3,0,3,5,3,2,2,3,5,5,4,4,4,3,1,3,2,2,3,2,2,3,3
998,1,67,1,0,3,2.77,4,4,3,5,5,5,3,4,1,3,1,1,1,2,1,1,1,0,0
999,2,37,3,0,5,1,3,4,1,2,2,2,3,3,3,2,3,1,2,1,1,1,1,0,0
1000,1,28,3,0,5,2.6900000000000004,4,4,3,4,4,5,2,4,4,4,4,3,2,2,2,2,2,1,0
1001,2,22,2,0,1,3,2,2,1,3,3,4,4,2,3,3,1,2,1,2,1,2,1,0,0
1002,2,23,2,0,5,2,3,3,1,3,2,5,2,4,4,4,3,4,1,1,1,1,1,0,0
1003,1,41,2,0,3,2,4,4,2,4,4,4,4,3,4,4,4,4,2,3,3,3,2,2,2
1004,2,45,2,0,4,3,3,3,2,4,3,4,3,3,3,3,2,3,2,1,2,4,2,0,0
1005,1,70,3,0,3,3,4,4,4,5,5,5,1,4,4,3,3,4,3,4,3,4,4,0,0
1006,2,30,2,0,1,3,4,4,4,4,4,4,3,4,4,2,2,3,3,4,4,4,4,0,0
1007,2,50,2,0,3.016666666666666,3,3,4,3,4,4,4,3,3,4,2,2,2,1,2,3,3,3,0,0
