"","id","gender","age","education","is_capital","income","ideology","DemPolGrievence","PolicyPolGrievence","EUPolGrievence","EconGrievenceRetro","EconGrievenceProspInd","EconGrievenceProspAgg","NatPride","NativeRights","NativeJobs","LawOrder","Chauvinism","ChristianSchool","GayNeighbor","GayPartner","ForNeighbor","ForPartner","Ukraine","DemonstrateNational","DemonstrateTrad"
"1",1,1,4,1,0,2,3,2,3,2,3,4,4,3,3,4,3,3,3,3,3,3,3,4,1,1
"2",2,0,3,2,0,2,3,2,2,1,4,4,4,4,2,2,2,2,2,4,3,3,3,5,1,1
"3",3,0,4,1,0,3,3,3,3,2,3,4,4,4,3,3,4,3,3,1,2,2,2,2,1,1
"4",4,1,3,1,0,3,1,4,4,2,3,4,4,3,3,4,1,1,4,3,3,2,2,3,1,1
"5",5,0,3,3,0,5,2,4,4,4,5,5,5,2,2,4,3,3,3,2,3,2,3,4,1,1
"6",6,1,4,2,1,3,1,2,2,3,3,4,3,3,2,2,3,3,2,3,4,3,4,5,1,1
"7",7,1,1,2,0,1,3,2,2,2,5,5,5,4,3,4,4,1,2,4,4,4,4,5,1,1
"8",8,0,3,3,1,5,4,2,4,2,3,4,3,3,3,3,2,3,3,3,4,3,3,5,1,1
"9",9,0,4,1,0,3,2,4,4,2,2,3,4,3,4,2,3,2,3,2,2,2,2,3,1,1
"10",10,0,2,1,0,4,3,2,2,2,4,4,2,4,3,4,3,2,3,4,4,4,4,5,1,1
"11",11,0,1,2,0,5,2,4,4,4,2,4,5,3,4,4,3,3,3,4,4,4,4,5,1,1
"12",12,0,2,2,0,5,1,4,4,3,4,4,5,2,3,1,4,1,3,3,3,1,1,2,1,1
"13",13,1,3,1,0,3,3,2,2,2,3,3,3,3,3,2,3,3,3,3,3,3,3,4,1,1
"14",14,1,2,2,1,3,3,3,2,2,3,3,4,3,3,3,3,4,4,4,4,3,4,5,1,1
"15",15,1,2,3,1,5,4,4,4,1,3,4,5,4,4,4,4,3,3,1,3,1,1,2,2,2
"16",16,0,3,2,0,4,4,3,2,1,3,3,3,3,4,4,3,3,2,3,3,2,2,3,2,2
"17",17,0,1,2,0,5,2,2,2,2,4,4,4,3,4,3,3,3,3,2,2,2,2,3,1,1
"18",18,1,4,2,0,3,3,3,3,3,4,3,4,3,3,3,2,3,2,4,4,4,4,5,1,1
"19",19,1,4,3,0,4,3,3,3,3,3,4,4,2,3,3,3,3,3,3,3,2,2,3,1,1
"20",20,1,3,3,0,3,2,4,4,2,2,4,4,3,4,4,3,3,4,4,4,2,2,3,1,4
"21",21,1,4,3,1,2,5,3,2,2,5,5,4,2,3,3,3,3,2,3,4,2,4,3,1,1
"22",22,0,1,3,1,5,4,4,4,2,3,4,4,4,4,4,4,4,3,2,3,2,1,2,1,1
"23",23,1,3,1,0,3,3,3,3,2,5,5,5,3,3,4,2,2,2,1,1,1,1,2,1,2
"24",24,1,5,1,0,1,1,4,4,4,4,5,5,3,4,4,4,3,4,4,4,2,4,3,1,1
"25",25,0,4,1,0,4,3,2,2,1,3,3,4,3,2,3,1,2,2,1,1,2,1,2,1,1
"26",26,0,2,3,0,5,2,3,3,2,4,3,3,3,3,3,3,3,2,2,2,2,2,3,1,1
"27",27,0,4,1,0,3,3,3,3,3,4,3,4,3,3,2,3,2,2,3,3,3,3,4,1,1
"28",28,0,1,1,0,4,4,1,1,1,4,4,5,3,2,2,1,3,1,2,1,1,2,2,1,1
"29",29,0,3,2,0,3,3,2,3,2,4,4,4,3,4,3,3,3,2,4,4,2,4,3,1,1
"30",30,0,4,3,0,5,2,2,3,2,1,1,1,3,3,3,3,2,2,1,1,1,1,2,1,1
"31",31,1,4,1,0,3,3,3,3,3,4,4,4,1,3,4,2,3,4,2,4,4,4,3,1,1
"32",32,0,3,2,0,5,2,2,2,2,5,1,5,3,2,3,2,2,1,4,2,2,4,5,1,1
"33",33,0,2,1,0,4,3,4,4,3,4,5,5,2,4,4,3,3,2,3,3,2,3,3,1,1
"34",34,0,3,2,0,5,3,3,4,2,4,4,5,3,2,3,2,3,3,1,2,2,2,3,1,1
"35",35,1,4,1,0,1,3,4,4,4,3,4,2,4,4,4,4,4,4,4,4,4,4,5,3,2
"36",36,0,4,1,0,3,1,2,2,2,2,4,4,4,4,4,4,4,4,3,3,2,2,3,3,4
"37",37,0,2,2,0,5,3,4,4,3,4,5,5,3,4,4,4,3,1,2,2,2,3,3,1,1
"38",38,0,3,1,0,4,1,3,4,1,4,4,4,4,3,3,3,3,2,2,2,2,2,3,1,1
"39",39,0,3,3,1,5,3,2,3,3,4,3,4,3,2,3,2,2,3,4,4,2,3,4,1,1
"40",40,1,3,2,1,3,3,4,4,2,4,4,5,4,3,4,3,3,3,2,3,2,1,2,1,1
"41",41,1,4,3,1,2,3,2,2,1,3,3,3,3,3,3,2,1,2,2,2,2,2,3,1,1
"42",42,1,1,2,0,3,4,3,3,3,4,3,4,3,4,4,3,2,2,2,2,4,4,5,1,1
"43",43,1,2,2,0,3,5,4,4,4,4,5,5,4,3,3,4,3,3,2,4,2,4,3,1,1
"44",44,0,2,2,0,3,4,2,3,2,4,3,4,3,4,4,4,3,3,4,4,3,3,4,1,1
"45",45,1,2,2,0,1,3,2,2,1,3,2,2,3,3,3,1,1,2,2,2,2,2,3,1,1
"46",46,1,2,2,0,5,3,3,3,2,4,4,4,3,3,3,3,3,3,2,2,2,2,3,1,1
"47",47,0,3,3,0,5,3,3,3,3,4,4,4,4,2,3,3,3,2,3,3,3,3,4,1,1
"48",48,1,4,1,0,2,2,3,3,3,4,4,4,4,4,4,3,2,2,3,3,2,3,3,1,1
"49",49,1,4,2,0,3,3,2,3,2,4,4,4,4,4,4,4,2,3,2,2,2,2,3,1,1
"50",50,1,3,1,0,1,2,4,4,3,5,4,4,2,3,4,3,2,2,2,2,4,3,5,2,1
"51",51,1,4,2,0,2,3,2,2,2,3,3,2,4,1,1,2,2,2,2,3,1,1,2,1,1
"52",52,1,2,2,0,3,4,4,3,3,5,5,5,2,3,4,1,4,3,4,4,4,4,5,1,1
"53",53,0,2,2,0,4,2,4,4,2,4,5,5,3,4,3,3,2,3,3,3,2,2,3,1,1
"54",54,0,2,2,0,5,3,1,2,2,3,3,3,2,2,2,2,3,2,4,4,4,4,5,1,1
"55",55,1,3,3,0,4,3,4,4,3,4,4,4,2,3,4,2,2,3,2,2,2,2,3,2,2
"56",56,1,4,1,0,2,3,4,4,4,4,5,5,3,4,4,3,3,3,3,4,3,3,4,1,1
"57",57,1,3,2,0,3,3,4,4,4,5,5,5,2,4,1,4,4,1,3,3,3,3,4,2,1
"58",58,0,4,2,0,3,3,4,4,4,4,5,5,3,4,4,3,4,4,4,4,4,4,5,1,1
"59",59,0,4,1,0,3,3,3,3,3,4,4,4,2,3,3,3,2,3,3,3,2,2,3,1,1
"60",60,1,2,1,0,3,3,2,2,2,4,4,4,3,3,3,2,2,3,3,3,2,2,3,1,1
"61",61,0,1,1,0,5,2,3,4,2,5,4,4,3,3,1,3,3,3,2,2,2,2,3,1,1
"62",62,0,3,1,0,3,3,3,3,3,4,2,4,3,3,4,3,3,4,4,3,2,2,3,1,1
"63",63,0,3,3,0,5,3,3,3,2,4,4,4,4,4,4,3,4,2,4,4,3,3,4,1,1
"64",64,1,3,1,0,2,3,2,2,2,3,4,3,2,4,3,3,4,3,2,2,2,2,3,1,1
"65",65,1,2,1,0,4,3,4,4,4,5,5,5,2,4,1,3,1,4,4,4,4,4,5,1,1
"66",66,0,4,2,0,2,3,2,2,2,4,4,4,3,3,3,4,3,3,2,2,2,2,3,1,1
"67",67,1,4,1,0,2,2,2,2,2,2,4,4,3,4,3,4,4,4,3,3,3,3,4,2,2
"68",68,1,1,1,0,4,3,2,3,2,4,5,5,3,4,4,4,3,3,2,2,1,3,2,1,1
"69",69,0,4,2,0,3,4,2,2,1,3,3,3,4,2,3,4,3,3,3,3,2,2,3,1,1
"70",70,0,4,1,0,4,1,4,4,3,4,5,5,3,4,4,4,4,3,4,4,4,2,3,1,1
"71",71,1,3,3,0,5,2,2,2,1,3,3,3,4,3,1,4,4,1,2,2,1,1,2,1,1
"72",72,1,4,1,0,5,2,3,2,1,3,3,3,2,1,2,2,2,2,2,2,2,2,3,1,1
"73",73,1,3,2,1,3,3,4,4,3,5,4,4,2,3,4,3,3,3,2,3,2,2,3,1,1
"74",74,1,3,2,1,3,3,2,2,3,2,4,2,2,3,1,3,2,3,4,2,3,2,5,2,1
"75",75,0,3,1,1,4,4,4,4,2,4,4,4,4,4,4,2,3,3,2,2,1,1,2,1,1
"76",76,0,1,1,1,4,3,4,4,4,4,4,4,4,3,3,3,3,3,4,4,4,4,5,1,1
"77",77,1,3,1,1,4,3,2,3,2,3,3,3,3,3,3,2,1,2,3,3,3,3,4,1,1
"78",78,0,4,3,1,5,5,4,4,4,3,5,5,1,2,1,4,1,1,3,2,2,2,5,1,1
"79",79,0,4,1,1,5,3,2,3,2,5,5,5,3,1,4,1,3,1,2,2,2,2,3,1,1
"80",80,1,1,2,1,4,3,3,3,2,4,4,4,3,2,4,2,2,3,2,3,3,4,5,1,1
"81",81,1,3,3,1,5,3,4,4,4,4,4,5,3,3,4,3,2,3,2,3,3,3,4,4,1
"82",82,0,2,2,1,4,3,2,3,3,4,4,5,3,4,4,3,1,1,2,3,2,3,3,1,1
"83",83,1,2,3,1,5,3,3,3,2,3,2,2,3,4,4,2,3,4,4,4,4,4,5,1,1
"84",84,1,4,1,1,2,3,4,4,4,5,5,5,2,3,4,4,2,2,3,3,3,3,4,1,1
"85",85,0,2,2,1,5,2,2,2,1,3,2,2,3,3,4,2,3,2,1,2,2,2,3,1,1
"86",86,1,2,3,1,5,3,3,3,2,4,4,4,3,2,4,2,1,2,3,3,3,2,3,2,2
"87",87,0,1,2,1,5,4,4,3,3,3,4,5,4,3,3,2,4,2,3,3,3,3,3,3,1
"88",88,1,3,3,0,5,3,3,3,3,5,5,5,3,3,4,3,2,2,1,1,1,1,2,1,1
"89",89,1,2,3,0,4,3,3,3,3,4,4,3,3,4,4,3,2,2,2,3,3,3,4,2,1
"90",90,1,3,3,0,5,3,4,4,2,3,3,4,3,4,4,2,1,1,4,4,2,2,3,1,1
"91",91,1,1,1,0,5,3,3,3,3,4,4,5,2,3,3,2,2,2,2,2,2,2,3,2,1
"92",92,0,5,1,0,2,3,3,3,3,4,4,4,3,4,3,3,3,2,2,2,2,2,3,1,1
"93",93,0,2,1,0,4,3,4,4,4,5,5,5,4,4,4,2,4,1,2,2,3,4,5,3,2
"94",94,1,1,3,0,4,5,3,3,2,4,5,5,4,3,3,3,3,3,4,4,2,4,3,1,1
"95",95,1,2,3,0,3,3,3,3,3,5,4,4,2,4,4,4,4,4,4,4,3,4,5,1,1
"96",96,0,4,1,0,2,1,4,4,2,3,3,3,4,3,3,3,2,3,3,3,2,3,3,1,1
"97",97,0,4,1,0,5,1,3,3,3,4,3,4,2,3,3,3,3,3,2,2,2,2,3,1,1
"98",98,1,3,3,0,5,4,2,2,2,4,3,4,4,3,3,2,1,2,2,2,2,2,3,1,1
"99",99,1,1,2,0,4,3,2,2,1,2,3,3,3,4,4,2,3,1,1,1,2,2,4,1,1
"100",100,0,4,3,0,4,2,2,3,1,3,3,4,4,4,4,4,4,3,1,1,2,2,3,1,1
"101",101,1,2,3,0,3,4,2,2,1,3,3,3,3,3,3,3,3,2,2,2,2,3,3,1,1
"102",102,1,1,3,0,5,4,3,3,2,3,2,3,3,3,4,1,1,2,1,1,2,3,3,1,1
"103",103,0,2,1,0,5,5,3,3,3,4,4,4,4,4,4,4,4,1,1,1,1,1,2,1,1
"104",104,0,4,2,0,3,3,4,4,3,5,5,5,3,3,2,3,3,3,2,2,3,3,4,1,1
"105",105,0,1,1,0,1,3,4,4,3,4,4,4,2,3,1,3,2,2,3,4,4,4,4,1,1
"106",106,0,2,3,0,5,2,3,3,2,3,5,5,3,3,3,3,3,2,1,1,1,1,2,1,1
"107",107,1,3,2,0,5,3,3,2,2,3,3,3,3,2,3,1,1,2,2,2,4,4,5,1,1
"108",108,1,2,2,0,3,3,4,4,4,3,4,5,2,3,4,3,2,2,2,4,1,1,2,1,1
"109",109,0,2,2,0,5,3,3,2,2,4,4,5,3,4,4,4,2,4,3,3,2,2,3,1,1
"110",110,0,1,3,0,5,4,3,4,1,3,4,4,2,3,4,2,3,2,2,3,2,2,3,1,1
"111",111,0,3,1,0,5,3,2,2,2,4,4,4,3,3,4,3,1,2,3,3,3,2,3,1,1
"112",112,0,3,3,0,5,3,4,4,4,4,4,4,2,4,2,3,2,3,2,2,2,2,3,1,1
"113",113,1,4,3,0,2,4,2,2,1,4,5,5,4,4,4,4,3,2,2,3,3,4,3,1,1
"114",114,1,3,1,0,4,4,2,2,2,3,2,3,2,2,2,2,3,2,2,2,2,2,3,1,1
"115",115,1,1,2,0,4,3,4,4,2,4,4,5,3,4,4,3,1,2,2,4,2,2,3,1,1
"116",116,0,2,1,0,5,1,4,4,3,3,3,4,4,3,3,3,2,3,2,2,2,2,3,1,1
"117",117,1,4,3,0,5,2,4,4,2,3,3,2,3,3,3,4,2,3,2,3,3,4,4,1,1
"118",118,0,1,1,0,4,3,1,1,1,2,2,4,4,3,3,4,4,3,2,2,2,1,2,1,1
"119",119,1,3,2,0,3,3,3,4,2,4,5,4,1,3,4,3,2,3,3,3,3,3,4,1,1
"120",120,1,4,2,0,3,3,3,4,2,4,4,5,4,2,2,2,3,3,2,2,2,2,3,1,1
"121",121,1,4,2,0,3,2,3,3,2,3,3,3,3,3,3,3,2,3,3,3,2,3,3,1,1
"122",122,1,3,2,0,4,4,3,3,1,2,3,2,3,2,2,3,2,2,1,2,1,1,2,1,1
"123",123,0,4,1,0,2,3,4,4,4,3,3,5,1,4,4,3,3,2,3,4,3,4,4,1,1
"124",124,1,4,2,0,3,3,3,3,2,4,4,4,4,3,4,2,2,3,2,3,2,3,3,1,1
"125",125,0,1,2,0,3,3,3,3,3,3,4,4,3,3,3,2,3,2,2,2,3,3,3,1,1
"126",126,1,4,3,0,3,1,4,4,4,4,5,5,3,4,4,4,4,2,3,3,3,4,4,1,1
"127",127,1,4,1,0,2,3,2,3,2,4,4,4,3,3,4,4,2,3,3,4,3,3,3,1,1
"128",128,1,1,2,0,3,3,3,3,2,4,4,4,4,3,3,3,2,3,2,2,1,1,2,1,1
"129",129,1,4,2,0,2,3,4,4,4,4,4,5,3,4,4,4,3,4,4,4,4,4,5,1,1
"130",130,0,1,1,0,4,1,3,4,3,4,4,5,3,3,4,1,2,3,3,3,2,2,3,1,1
"131",131,1,3,1,0,4,3,4,4,4,5,5,5,2,4,4,3,1,1,1,1,1,1,2,1,1
"132",132,1,4,2,0,5,3,4,4,2,4,4,4,3,4,4,2,4,4,4,4,2,2,2,1,1
"133",133,1,4,2,0,2,3,3,3,2,4,4,5,3,4,3,3,2,3,3,2,2,2,3,1,1
"134",134,0,4,1,0,3,1,4,4,2,4,5,5,3,4,4,4,3,4,4,4,3,3,3,1,1
"135",135,0,4,2,0,2,1,4,4,3,5,5,5,4,1,3,4,2,4,2,2,3,3,3,1,1
"136",136,1,1,1,0,1,5,4,4,4,5,5,5,1,2,2,2,1,2,2,2,4,4,5,1,1
"137",137,0,1,2,0,1,4,3,3,2,5,3,4,2,4,4,3,2,1,2,2,2,2,3,1,1
"138",138,1,2,3,0,5,3,2,3,2,4,5,4,4,4,4,3,2,3,3,3,2,2,3,1,1
"139",139,1,4,1,0,2,1,4,4,3,5,4,5,3,4,4,4,3,4,3,4,3,4,4,1,1
"140",140,1,3,1,0,1,3,4,4,4,3,3,4,2,1,2,2,2,2,1,1,1,1,2,1,1
"141",141,0,4,3,0,3,3,4,4,1,3,4,4,4,2,4,3,3,2,2,2,2,2,3,1,1
"142",142,1,3,3,0,5,4,2,2,1,3,3,3,3,3,4,2,2,3,3,3,3,3,2,1,1
"143",143,1,2,2,0,5,4,2,2,2,3,4,4,3,3,3,2,2,2,2,3,1,2,2,1,1
"144",144,0,2,2,0,5,3,3,4,3,1,3,4,4,2,3,2,1,3,3,3,2,2,3,1,1
"145",145,1,1,2,0,4,3,4,4,2,4,4,4,4,4,4,4,1,4,4,4,4,4,5,1,1
"146",146,0,2,1,0,2,3,3,3,3,4,4,4,2,4,4,2,2,3,2,2,2,2,3,1,1
"147",147,0,3,3,0,5,4,2,2,1,3,3,4,4,3,4,3,2,3,2,2,2,2,3,1,1
"148",148,1,2,2,0,4,3,3,4,2,4,5,5,3,3,4,3,2,1,2,3,3,3,4,1,1
"149",149,1,3,2,0,4,5,2,3,3,4,4,4,4,4,4,4,4,4,2,3,2,3,4,3,3
"150",150,1,2,3,0,5,3,4,4,3,5,5,5,3,4,4,4,3,1,2,2,3,4,4,1,1
"151",151,0,1,1,0,1,4,2,1,1,3,3,3,3,3,4,3,4,1,2,2,1,1,2,1,1
"152",152,1,4,3,0,3,1,3,3,2,5,5,5,3,3,4,4,4,4,2,2,2,2,3,1,1
"153",153,0,2,1,0,3,2,1,3,4,4,2,3,3,4,4,4,4,1,4,4,1,3,3,1,1
"154",154,1,2,1,0,1,5,3,3,3,2,2,3,2,3,3,3,3,3,4,4,4,4,5,2,2
"155",155,1,3,2,1,3,3,4,4,4,4,4,4,2,3,4,3,3,3,3,3,3,4,3,1,1
"156",156,0,1,1,1,3,3,2,2,3,2,3,3,3,2,2,2,3,2,4,3,4,2,3,1,1
"157",157,1,2,3,1,5,4,4,4,1,3,4,5,4,4,4,4,3,3,2,2,1,1,2,1,1
"158",158,1,1,1,1,1,3,3,4,1,3,3,3,3,4,4,3,3,3,2,2,2,2,3,1,1
"159",159,1,2,3,1,5,2,3,4,2,3,3,4,3,2,3,3,1,3,2,3,2,2,3,1,1
"160",160,0,4,1,1,2,4,4,4,4,3,4,4,4,4,4,4,4,4,4,4,4,4,5,1,1
"161",161,0,2,3,1,5,2,3,4,3,4,4,5,1,3,3,1,3,1,3,3,2,2,3,1,1
"162",162,0,3,2,1,4,3,2,3,1,3,4,5,4,2,2,1,3,2,1,2,1,2,2,1,1
"163",163,1,4,3,1,5,3,2,3,2,4,4,4,3,1,4,1,1,1,2,2,2,2,3,1,1
"164",164,0,3,2,1,4,3,4,4,3,4,5,5,4,3,4,2,3,3,2,4,4,4,5,1,1
"165",165,1,2,3,1,4,4,1,2,1,3,2,2,2,1,1,4,3,1,1,1,1,1,2,1,1
"166",166,1,4,2,1,2,4,4,4,4,3,3,4,4,4,4,4,4,1,4,4,4,4,5,1,1
"167",167,1,3,2,1,5,3,4,3,2,3,2,2,3,4,4,3,2,2,4,4,4,4,5,1,1
"168",168,0,3,3,1,4,5,4,4,3,5,5,5,2,4,4,4,3,1,3,3,3,3,4,3,1
"169",169,0,4,3,1,4,3,2,2,2,3,4,4,4,3,3,3,3,3,2,3,3,3,3,1,1
"170",170,0,3,3,1,5,4,3,4,4,3,3,3,1,3,4,3,4,3,4,4,4,4,5,2,1
"171",171,1,2,2,1,1,3,1,1,1,3,2,2,1,1,1,2,2,1,1,1,1,1,2,1,1
"172",172,1,1,3,1,4,2,3,3,2,2,3,4,3,2,3,2,4,3,2,4,1,2,3,1,1
"173",173,0,4,2,1,2,2,3,2,2,4,5,4,4,2,2,4,4,4,4,4,1,2,2,1,1
"174",174,0,2,2,0,4,4,2,4,2,4,4,5,2,1,3,3,3,3,4,4,3,4,4,1,1
"175",175,0,3,2,0,5,4,1,1,1,5,5,5,4,4,4,4,1,2,4,4,3,3,4,1,1
"176",176,0,4,1,0,4,1,4,4,4,5,5,5,3,4,4,4,3,3,2,3,3,3,4,1,1
"177",177,1,2,2,0,3,3,3,4,3,5,5,5,3,3,4,3,1,3,3,3,3,3,3,1,1
"178",178,1,5,2,0,3,3,4,3,3,4,5,4,3,2,4,1,1,4,4,4,1,2,2,1,3
"179",179,0,2,3,0,5,3,4,4,3,5,5,5,4,3,4,3,3,2,3,3,3,3,4,1,1
"180",180,1,2,2,0,5,3,2,2,2,4,4,4,3,3,4,3,2,2,2,2,2,2,3,1,1
"181",181,0,2,1,0,4,3,3,4,2,3,3,3,3,4,4,3,3,2,2,2,2,3,4,1,1
"182",182,0,2,3,0,5,4,3,4,2,3,3,4,3,4,4,2,3,2,2,2,2,2,3,1,1
"183",183,0,2,1,0,5,4,3,3,2,4,2,4,3,3,3,3,4,3,2,3,2,2,3,1,1
"184",184,1,2,3,0,5,4,3,3,2,4,3,2,3,4,4,3,2,2,2,2,2,2,3,2,1
"185",185,1,2,2,0,4,2,2,2,1,2,2,3,3,3,2,3,2,1,2,3,2,2,2,1,1
"186",186,0,2,2,0,4,3,3,3,3,3,4,4,3,4,3,3,3,1,1,1,2,3,3,1,1
"187",187,1,4,1,0,2,3,4,4,4,5,5,5,3,2,4,3,4,1,2,2,2,2,3,1,1
"188",188,1,4,1,0,1,1,4,4,4,5,5,5,4,3,3,3,4,4,4,4,2,4,3,1,1
"189",189,0,1,2,0,3,4,2,2,2,4,3,4,3,3,4,3,3,3,4,4,4,4,5,1,1
"190",190,0,2,2,0,3,5,2,2,2,3,2,2,3,2,3,2,2,2,2,2,2,2,3,1,1
"191",191,0,3,3,0,5,2,3,3,2,4,4,4,3,4,4,3,3,2,2,2,2,2,3,1,1
"192",192,1,2,2,0,3,3,3,3,3,4,4,4,3,2,3,2,2,2,3,3,3,3,4,1,1
"193",193,0,5,1,0,2,2,3,3,2,4,5,4,3,3,4,3,3,2,2,2,1,2,2,1,1
"194",194,1,4,1,0,2,2,2,3,2,4,4,4,4,4,3,4,2,3,2,2,2,3,4,1,1
"195",195,1,1,3,0,3,4,1,1,1,3,3,3,3,4,2,3,2,3,2,2,2,3,3,1,1
"196",196,0,2,3,0,5,3,3,1,1,3,3,4,3,2,3,2,2,1,1,1,1,1,2,1,1
"197",197,1,2,3,0,1,3,2,3,1,2,2,3,4,3,3,3,2,2,1,1,1,1,2,1,1
"198",198,1,4,1,0,3,3,4,4,4,5,5,5,2,3,1,3,3,3,2,2,3,3,4,1,1
"199",199,0,3,2,0,5,2,2,3,3,3,4,4,2,2,3,2,3,2,2,2,2,2,3,1,1
"200",200,0,3,1,0,5,3,3,3,3,4,4,4,1,2,4,2,3,2,4,4,4,4,5,1,1
"201",201,1,2,2,0,3,3,2,3,1,4,4,4,3,3,3,4,1,3,2,3,2,2,3,1,1
"202",202,0,4,1,0,3,1,4,4,4,5,5,5,4,4,4,4,4,4,4,4,4,4,5,1,1
"203",203,1,3,3,0,4,3,4,4,4,3,4,5,2,3,4,3,1,1,1,4,1,1,2,1,1
"204",204,0,2,1,0,5,4,4,2,2,4,4,5,4,4,4,3,3,4,4,4,3,3,4,1,1
"205",205,1,1,2,0,4,3,1,1,1,4,3,4,3,3,1,4,2,4,2,2,2,4,3,1,1
"206",206,1,2,1,0,1,3,4,4,4,5,5,3,1,4,4,4,4,4,1,1,1,1,2,1,1
"207",207,0,3,1,0,4,3,2,2,2,4,4,3,3,4,4,3,1,3,2,2,2,2,3,1,1
"208",208,1,4,1,0,2,3,3,3,3,4,4,4,4,3,3,3,3,3,4,4,4,4,5,1,1
"209",209,0,2,3,0,4,2,3,3,3,4,4,4,2,4,4,2,3,2,3,2,2,2,3,2,2
"210",210,0,3,1,0,5,4,2,2,1,5,5,5,3,4,4,3,3,2,3,3,3,4,4,1,1
"211",211,0,2,3,0,5,1,4,4,3,4,4,4,2,4,4,3,4,3,2,2,2,2,3,1,1
"212",212,1,3,2,0,4,3,3,3,3,3,4,4,3,4,4,2,2,3,4,4,4,4,5,1,1
"213",213,1,3,3,0,5,4,2,3,1,3,4,4,4,2,4,2,2,4,1,3,1,1,2,1,2
"214",214,1,3,1,0,4,3,3,3,2,3,3,4,3,3,4,4,2,2,3,3,2,3,2,1,1
"215",215,1,4,2,0,2,1,2,2,2,3,3,4,3,3,3,2,2,2,4,3,3,3,4,1,1
"216",216,0,2,1,0,1,2,3,3,2,4,4,4,3,3,4,3,2,2,1,1,1,1,2,1,1
"217",217,0,1,1,0,1,3,3,3,2,4,4,5,3,3,3,3,2,2,3,3,2,2,3,1,1
"218",218,1,2,3,0,4,4,2,2,2,3,4,4,3,3,3,4,3,2,3,4,3,4,4,1,1
"219",219,1,2,3,0,2,3,4,4,2,2,3,5,2,4,4,3,1,3,4,4,4,4,5,1,1
"220",220,1,2,2,0,4,2,4,4,2,3,3,4,4,3,4,1,1,3,2,2,2,2,3,1,1
"221",221,0,3,2,0,4,3,3,4,2,4,3,3,4,3,4,3,1,2,2,2,2,2,3,1,1
"222",222,0,3,1,0,4,4,2,2,1,4,4,5,4,2,3,2,3,3,2,2,3,3,3,1,1
"223",223,0,2,2,0,5,2,2,3,3,4,3,4,3,4,4,3,3,2,2,2,2,2,3,1,1
"224",224,1,2,3,0,4,3,3,4,2,4,4,4,2,3,4,3,2,3,2,2,2,2,3,1,1
"225",225,1,2,3,0,4,3,3,3,1,3,4,4,3,2,3,2,2,3,2,2,2,2,3,1,2
"226",226,0,2,3,0,5,2,2,2,2,3,2,3,3,2,3,2,2,3,2,2,2,2,3,1,1
"227",227,0,2,1,0,4,3,3,4,4,3,4,5,2,3,3,1,2,3,2,2,2,2,3,1,1
"228",228,0,2,2,0,1,2,4,4,3,5,3,5,3,4,3,3,2,3,2,3,2,3,3,1,1
"229",229,1,4,2,0,3,3,3,3,2,4,4,4,4,3,3,3,2,3,2,3,2,3,3,1,1
"230",230,0,1,3,0,3,3,3,3,2,3,4,4,3,3,3,2,3,2,2,2,2,2,3,1,1
"231",231,0,4,2,0,2,4,4,4,4,5,5,4,3,4,2,2,3,2,3,3,3,3,4,1,1
"232",232,1,1,3,0,1,4,2,2,1,3,4,3,3,2,3,2,1,1,1,1,1,1,2,1,1
"233",233,1,2,2,0,3,4,3,3,2,4,3,4,3,3,4,2,3,3,1,1,1,1,2,1,1
"234",234,0,1,1,0,3,3,4,4,3,4,4,4,3,4,4,3,4,4,4,4,4,4,5,1,1
"235",235,1,3,2,0,1,2,4,4,3,4,4,5,2,4,4,4,1,2,1,1,2,2,3,1,1
"236",236,1,4,1,0,3,2,2,3,2,4,4,4,3,2,3,3,3,4,2,3,2,2,2,1,1
"237",237,0,4,1,0,3,2,2,2,2,4,5,5,3,3,4,2,3,4,4,4,2,2,3,1,1
"238",238,0,2,2,0,5,3,3,3,3,4,3,5,3,4,4,4,2,3,1,1,1,1,2,1,1
"239",239,0,3,3,0,4,3,2,2,2,4,4,5,4,3,3,4,2,4,3,3,2,3,2,1,1
"240",240,0,3,1,0,4,3,3,4,3,3,4,4,2,2,3,3,4,2,2,3,2,3,3,1,1
"241",241,1,1,1,0,1,3,3,3,3,2,2,4,3,4,4,2,2,3,4,4,4,4,5,1,1
"242",242,1,3,2,0,3,5,3,2,3,3,4,4,3,4,4,4,2,4,4,4,3,3,4,1,1
"243",243,0,5,2,0,3,4,3,2,2,4,4,4,3,2,4,3,3,3,3,2,2,2,3,1,1
"244",244,0,3,2,0,4,3,4,4,4,4,5,5,4,4,4,4,4,2,4,4,4,4,5,1,1
"245",245,1,3,1,0,3,3,4,4,2,4,4,4,2,4,4,2,3,2,4,4,2,2,2,1,1
"246",246,1,1,3,0,4,3,2,3,2,4,3,5,4,3,3,3,2,2,1,2,2,2,3,1,1
"247",247,0,4,2,0,2,3,1,2,2,4,5,5,3,3,3,3,3,4,4,2,2,2,3,1,1
"248",248,1,2,3,0,5,2,3,4,2,4,4,4,2,4,4,2,1,3,2,3,2,2,2,1,1
"249",249,1,4,2,0,2,3,4,4,4,3,3,5,4,4,4,3,2,4,4,2,3,1,2,1,1
"250",250,1,1,2,0,4,3,2,2,2,2,2,2,2,4,3,3,2,2,3,3,3,3,4,1,1
"251",251,0,3,2,0,5,3,4,4,2,4,5,5,4,1,3,4,2,1,2,4,2,1,2,1,1
"252",252,0,4,2,0,3,4,2,3,1,3,4,4,3,4,4,4,3,3,2,4,2,2,3,1,1
"253",253,0,2,1,0,4,4,4,4,3,3,4,5,1,1,4,3,4,2,2,4,2,2,4,1,1
"254",254,0,3,1,0,3,4,3,4,3,4,5,5,4,4,4,4,2,2,4,4,3,3,5,1,1
"255",255,0,4,2,0,2,2,2,3,2,4,4,4,3,4,2,4,2,3,2,2,2,2,3,1,1
"256",256,1,1,3,0,4,3,2,2,2,3,3,4,4,4,1,1,1,2,2,2,2,2,3,1,1
"257",257,1,4,2,0,2,3,4,4,3,3,3,5,4,3,4,3,2,4,4,4,4,4,5,1,1
"258",258,1,3,2,0,5,2,3,3,3,4,5,4,3,4,4,2,1,3,3,4,2,3,3,1,1
"259",259,0,3,1,0,5,2,3,4,3,3,3,4,4,2,3,2,2,2,3,3,1,2,2,1,1
"260",260,1,4,3,0,2,3,3,3,3,3,3,5,4,2,3,2,1,3,2,2,2,2,3,1,1
"261",261,1,1,3,0,2,3,3,3,3,4,4,4,4,3,3,2,2,4,4,4,3,3,4,1,1
"262",262,0,2,2,0,4,3,3,3,2,4,4,5,3,4,4,3,3,1,1,1,2,2,2,1,1
"263",263,1,2,3,0,5,3,3,3,2,3,3,3,3,4,2,3,2,3,2,4,2,2,3,1,1
"264",264,1,4,1,0,2,3,2,3,1,4,4,4,3,3,4,3,2,3,2,3,2,2,3,1,1
"265",265,1,1,2,0,1,3,2,3,2,4,4,4,3,3,4,2,1,2,4,1,2,1,3,1,1
"266",266,1,3,3,0,4,4,4,3,2,4,5,4,3,1,4,3,2,3,3,4,2,2,3,1,2
"267",267,1,3,1,0,3,3,3,4,3,4,5,5,3,3,4,3,2,4,4,4,3,3,4,1,1
"268",268,1,2,2,0,4,3,2,4,1,4,3,3,4,4,4,3,1,3,2,2,4,4,5,1,1
"269",269,1,2,2,0,3,3,4,4,3,4,5,5,2,2,3,2,2,3,2,2,2,1,2,1,1
"270",270,1,2,3,0,5,3,2,2,1,2,2,2,3,2,2,2,2,2,1,1,1,1,2,1,1
"271",271,1,3,1,0,3,3,2,2,2,3,3,4,4,3,4,2,2,3,1,1,2,2,2,1,1
"272",272,0,3,1,0,4,3,3,4,2,3,4,4,4,4,4,3,3,1,2,2,2,2,3,1,1
"273",273,0,2,2,0,5,4,3,3,3,4,4,4,4,4,3,3,3,4,2,2,2,2,3,2,2
"274",274,1,3,2,0,5,3,4,4,3,5,5,5,3,4,4,4,3,1,2,2,3,4,4,1,1
"275",275,1,2,1,0,3,3,2,3,1,4,2,2,4,3,2,2,4,1,1,1,1,1,2,2,1
"276",276,0,3,1,0,5,1,4,4,4,5,5,5,3,4,4,4,4,2,2,2,2,2,3,2,1
"277",277,0,4,3,0,3,4,3,3,3,4,4,5,3,4,3,3,3,4,3,3,3,3,3,1,1
"278",278,0,1,2,0,5,3,3,3,1,2,3,5,2,2,1,2,2,2,1,1,1,1,2,1,1
"279",279,0,4,1,1,3,2,4,4,4,5,5,5,3,3,3,3,3,3,3,3,2,3,3,1,1
"280",280,1,1,1,1,3,3,2,3,3,2,4,2,3,3,4,2,3,3,2,3,2,3,5,2,3
"281",281,0,4,1,1,2,3,4,4,1,4,4,5,4,4,4,4,4,4,3,3,2,2,3,1,1
"282",282,0,2,3,1,5,2,3,4,2,2,3,4,3,4,3,3,3,2,2,2,2,2,3,1,1
"283",283,1,1,1,1,1,4,3,3,2,4,2,3,2,3,2,3,3,3,2,1,1,2,2,1,1
"284",284,1,2,2,1,4,3,2,2,2,4,4,4,3,3,3,2,3,3,3,3,2,2,3,1,1
"285",285,1,4,3,1,3,2,2,2,1,3,3,3,3,3,3,2,1,2,2,1,1,1,2,1,1
"286",286,0,1,2,1,1,3,2,3,2,3,4,2,3,2,1,1,1,2,1,2,1,1,2,1,1
"287",287,1,3,1,1,3,3,4,3,2,4,5,5,4,2,4,2,2,1,1,1,1,1,2,1,1
"288",288,0,4,1,1,3,3,2,3,2,5,5,4,3,1,3,2,1,1,3,3,2,2,3,1,1
"289",289,0,3,1,1,3,3,4,4,4,5,4,5,4,3,4,3,3,3,4,4,4,4,5,3,1
"290",290,0,1,2,1,5,4,4,4,4,3,2,2,4,3,4,3,3,2,3,3,3,3,4,4,2
"291",291,0,1,2,1,5,3,2,4,3,4,4,5,1,4,4,3,2,1,3,3,3,3,4,1,1
"292",292,0,4,3,1,4,3,2,4,2,4,3,4,3,4,4,3,3,2,4,4,4,4,5,1,1
"293",293,1,3,3,1,5,5,4,4,4,4,4,4,2,4,4,4,2,2,4,4,4,4,5,2,1
"294",294,1,3,3,1,5,4,1,2,1,3,3,4,4,2,2,3,2,2,2,2,2,3,3,1,1
"295",295,0,4,2,1,2,2,4,4,2,5,5,5,3,4,4,4,2,4,3,3,3,3,4,1,1
"296",296,1,3,2,1,5,5,4,4,4,4,5,5,4,4,4,4,3,4,3,3,3,4,4,1,2
"297",297,1,3,2,1,3,4,3,3,2,3,3,4,3,2,3,2,3,4,3,3,2,3,4,1,1
"298",298,1,1,3,1,5,3,4,4,3,2,3,4,3,4,3,2,1,1,1,1,1,2,2,1,1
"299",299,0,3,1,0,5,4,2,3,2,3,4,5,2,1,4,2,3,3,3,4,3,4,3,1,1
"300",300,0,2,3,0,4,2,3,3,2,2,3,4,3,4,4,2,2,3,2,2,2,2,3,1,1
"301",301,0,3,3,0,5,3,4,4,4,5,5,5,2,1,4,3,2,3,3,3,3,3,4,1,1
"302",302,1,4,1,0,2,1,4,4,4,5,5,5,4,4,4,4,2,3,4,4,3,3,5,1,1
"303",303,1,1,2,0,4,5,3,3,2,3,2,2,3,4,3,2,1,2,1,1,1,1,2,1,1
"304",304,1,1,3,0,4,3,3,4,3,5,4,4,3,4,4,2,1,2,3,4,3,3,4,1,1
"305",305,0,2,2,0,4,3,3,4,2,4,4,4,3,3,3,3,3,3,2,1,3,1,3,1,1
"306",306,0,4,1,0,2,3,3,3,2,3,4,4,3,3,3,3,3,3,3,3,3,3,4,1,1
"307",307,1,2,2,0,5,3,2,4,2,3,2,2,3,4,4,3,3,1,2,2,2,4,3,1,1
"308",308,0,1,1,0,4,3,4,3,3,4,4,4,3,4,4,3,1,2,2,2,2,2,2,1,1
"309",309,1,1,2,0,4,4,1,1,1,4,4,4,4,4,3,4,4,3,2,2,2,2,3,1,1
"310",310,0,4,1,0,2,2,4,4,4,5,5,5,4,3,4,3,4,4,4,4,4,4,5,3,1
"311",311,1,4,2,0,3,3,4,4,4,5,5,5,3,1,2,3,2,2,2,2,2,2,3,1,1
"312",312,1,3,3,0,4,3,4,4,4,5,5,4,3,4,4,3,2,2,2,3,4,4,5,1,1
"313",313,1,4,1,0,3,3,3,4,2,3,4,4,3,4,4,2,1,3,4,4,2,2,3,1,1
"314",314,1,3,1,0,5,3,2,2,2,3,3,4,4,4,4,3,2,1,3,4,3,3,4,1,1
"315",315,1,2,1,0,3,5,4,4,1,3,3,2,3,4,4,2,2,3,2,2,3,3,4,1,1
"316",316,1,1,3,0,4,1,2,2,1,3,3,4,2,1,1,1,1,1,1,1,1,1,2,1,1
"317",317,0,2,2,0,4,3,3,3,3,4,4,4,3,4,3,3,3,2,2,2,2,3,3,2,1
"318",318,0,3,2,0,3,3,4,4,4,5,5,5,4,3,4,3,4,1,2,2,2,3,4,2,2
"319",319,0,3,2,0,4,5,4,4,2,4,5,5,4,3,4,4,4,4,2,4,2,3,3,1,1
"320",320,1,4,1,0,2,1,4,4,4,5,5,5,3,4,3,4,4,4,4,4,4,4,5,1,1
"321",321,0,3,2,0,5,3,2,2,2,4,2,2,4,1,2,2,2,2,1,1,1,1,2,1,1
"322",322,0,3,1,0,3,2,3,3,3,4,5,5,3,3,4,3,4,3,3,4,3,3,3,1,1
"323",323,0,3,3,0,4,5,2,3,1,2,3,4,3,2,2,1,1,1,1,1,2,1,2,1,1
"324",324,1,3,3,0,4,3,3,3,3,3,3,5,3,4,4,3,2,2,2,3,2,2,3,1,1
"325",325,0,4,1,0,4,2,2,3,2,4,4,4,2,4,4,4,4,3,2,2,2,2,3,1,1
"326",326,0,2,2,0,5,3,1,1,1,4,2,2,4,3,3,1,1,2,2,2,2,2,3,1,1
"327",327,0,2,3,0,5,3,4,4,2,5,4,5,2,3,3,2,4,1,2,2,2,2,3,1,1
"328",328,0,2,2,0,5,2,3,4,2,4,3,4,3,2,4,3,4,1,3,3,1,3,2,1,1
"329",329,0,1,1,0,1,4,1,2,1,3,3,2,3,3,4,4,3,1,1,1,1,2,3,1,1
"330",330,1,4,2,0,2,3,2,3,4,4,4,4,3,3,3,3,3,3,4,4,4,4,5,1,1
"331",331,0,4,1,0,2,2,3,4,3,4,4,4,3,4,4,3,3,2,2,3,4,4,5,1,1
"332",332,0,4,2,0,3,2,2,2,2,3,3,3,4,3,2,3,2,3,2,3,2,3,3,3,1
"333",333,1,2,3,0,4,2,3,3,3,5,5,5,2,4,2,2,2,2,1,1,3,3,3,1,1
"334",334,1,4,1,0,2,2,3,3,3,4,4,4,2,2,3,2,2,2,3,3,2,3,3,1,1
"335",335,1,3,2,0,3,2,3,4,2,4,5,5,3,3,4,3,2,2,2,3,2,2,3,1,1
"336",336,0,4,1,0,3,1,4,4,4,5,5,5,4,4,4,4,4,3,4,4,4,4,5,1,1
"337",337,0,1,1,0,3,3,4,4,4,3,4,4,2,3,4,3,1,1,1,4,1,1,2,1,1
"338",338,1,3,2,0,5,3,3,2,1,4,3,4,4,4,3,4,2,4,4,4,2,3,3,1,1
"339",339,1,4,1,0,2,5,2,2,2,2,2,2,3,4,4,2,3,2,2,3,2,3,4,1,1
"340",340,1,1,3,0,4,3,2,2,2,3,2,1,3,3,4,2,3,1,2,2,2,2,3,1,1
"341",341,0,2,3,0,5,3,2,2,2,4,4,4,3,4,4,3,1,3,3,3,2,2,4,1,1
"342",342,1,4,2,0,2,2,2,2,2,4,4,4,4,4,4,4,4,4,3,3,3,3,4,1,1
"343",343,0,4,2,0,2,1,3,4,2,4,4,5,3,4,4,4,4,1,4,4,4,4,5,1,1
"344",344,1,2,1,0,4,5,2,2,2,3,3,4,3,1,4,3,3,3,2,2,2,2,3,1,1
"345",345,0,3,2,0,4,3,4,4,4,5,5,4,3,4,4,3,1,4,3,3,3,3,2,2,1
"346",346,1,2,2,0,2,3,3,3,2,3,3,4,4,4,4,2,3,4,4,4,4,4,5,1,1
"347",347,1,1,2,0,4,4,3,2,1,3,3,4,4,3,3,1,1,2,1,2,1,2,2,1,1
"348",348,0,2,1,0,1,3,4,4,4,4,4,5,2,4,4,4,3,4,4,4,4,4,5,4,1
"349",349,0,4,1,0,2,5,3,3,3,5,5,4,3,3,2,3,2,3,4,4,4,4,5,1,1
"350",350,0,4,1,0,4,1,3,4,2,4,3,4,4,3,4,3,3,2,2,2,2,3,3,1,1
"351",351,1,2,2,0,5,3,2,2,2,3,4,4,3,2,3,3,1,3,1,1,1,1,2,1,1
"352",352,1,4,1,0,2,4,2,2,1,3,3,4,4,2,4,4,4,4,3,4,1,3,2,1,1
"353",353,1,1,1,0,2,2,3,3,2,4,4,4,3,2,3,3,1,1,1,1,1,1,2,1,1
"354",354,1,2,3,0,4,4,3,3,2,5,5,5,4,3,3,3,1,3,3,3,2,2,3,1,1
"355",355,0,3,2,0,5,3,4,4,3,4,5,5,3,4,3,4,3,3,3,3,3,4,4,1,1
"356",356,0,2,3,0,5,3,3,4,2,4,4,5,3,4,4,3,1,2,2,4,4,4,5,1,1
"357",357,1,2,3,0,5,3,4,4,2,4,3,4,4,3,4,2,1,3,2,2,2,2,3,1,1
"358",358,0,2,2,0,4,5,3,4,2,4,4,4,4,3,3,3,1,1,2,3,2,2,3,1,1
"359",359,0,2,2,0,5,2,2,2,1,3,3,4,4,4,4,3,2,2,4,4,4,4,3,1,1
"360",360,1,2,3,0,5,3,2,3,2,4,4,4,3,3,2,3,3,3,2,2,2,1,2,1,2
"361",361,0,4,1,0,2,3,4,4,4,4,5,5,3,4,4,4,4,4,4,4,4,4,5,1,1
"362",362,0,3,1,0,5,3,4,4,2,3,4,4,3,3,3,2,3,3,3,3,2,2,3,1,1
"363",363,0,1,1,0,1,3,2,3,1,2,3,4,2,2,1,2,2,2,1,1,1,1,2,2,1
"364",364,1,3,2,0,3,2,4,4,4,4,5,5,2,3,4,3,3,3,2,2,2,2,3,2,1
"365",365,1,2,3,0,5,3,3,4,1,3,2,2,2,3,4,2,2,1,1,2,3,3,3,1,1
"366",366,0,3,1,0,4,1,4,4,3,5,4,5,4,4,4,3,3,4,2,2,2,2,3,1,1
"367",367,0,1,2,0,5,2,4,4,3,4,4,5,3,4,3,2,1,1,2,2,2,2,4,3,2
"368",368,1,2,2,0,3,3,3,4,2,3,4,5,3,4,4,3,3,3,2,3,2,3,3,3,1
"369",369,0,3,1,0,3,3,3,3,2,4,4,4,4,3,3,2,2,3,2,2,2,2,3,1,1
"370",370,0,2,1,0,4,3,3,3,3,4,5,5,3,4,4,2,3,2,3,3,3,3,4,1,1
"371",371,0,3,1,0,4,4,4,4,3,4,4,4,2,4,4,3,4,4,3,3,4,4,5,1,1
"372",372,1,4,1,0,3,2,2,3,2,4,5,4,3,3,4,4,3,4,3,3,3,3,3,1,1
"373",373,1,3,1,0,2,3,4,4,3,4,4,4,2,3,4,3,2,4,3,4,4,4,5,1,1
"374",374,0,2,1,0,5,3,4,4,4,4,5,5,1,4,4,3,2,1,1,3,2,3,3,1,2
"375",375,1,2,3,0,4,3,4,3,2,4,4,5,2,3,3,2,3,3,2,2,2,3,3,2,2
"376",376,1,2,3,0,5,4,4,4,3,3,4,4,1,3,4,1,2,3,1,2,2,3,4,1,1
"377",377,0,3,1,0,4,4,3,3,2,4,4,4,2,3,3,3,3,3,2,3,2,3,3,1,1
"378",378,1,1,2,0,2,3,3,3,3,4,3,4,2,4,3,3,2,2,4,4,2,3,3,1,1
"379",379,1,3,3,0,4,2,3,4,2,3,3,4,4,4,4,3,1,3,3,3,2,4,2,1,1
"380",380,1,3,2,0,3,5,3,3,3,4,4,4,3,2,4,3,2,3,4,3,2,2,3,1,1
"381",381,0,2,1,0,5,3,4,4,4,3,3,5,2,4,4,4,4,1,1,1,1,1,2,1,1
"382",382,1,4,1,0,3,3,3,3,3,3,4,5,4,3,2,4,3,3,4,4,2,4,3,1,1
"383",383,1,3,2,0,3,3,3,3,3,2,3,4,3,4,3,3,3,3,2,3,2,2,3,1,1
"384",384,0,1,1,0,1,3,3,3,3,4,4,4,3,2,4,3,4,3,1,1,1,2,3,1,1
"385",385,0,3,1,0,5,4,3,4,2,4,4,5,4,4,4,1,1,3,2,3,2,2,3,1,1
"386",386,0,3,2,0,5,3,2,4,2,1,2,5,3,4,3,4,2,1,3,3,3,3,3,1,1
"387",387,1,1,2,0,4,3,2,2,1,3,2,2,3,3,3,2,3,3,3,4,2,2,4,2,1
"388",388,1,4,1,0,2,1,4,4,3,5,5,5,4,4,4,4,3,3,3,3,2,2,3,2,2
"389",389,0,3,2,0,5,3,3,3,2,5,5,5,2,4,4,3,3,2,3,4,3,3,5,1,1
"390",390,0,2,3,0,5,4,1,1,1,2,3,3,3,3,3,3,4,4,1,2,2,3,2,1,1
"391",391,0,2,1,0,2,3,3,3,2,3,4,4,3,4,4,3,3,3,3,3,3,3,3,1,1
"392",392,0,2,2,0,5,1,3,4,4,5,5,5,4,4,4,4,4,4,3,4,2,2,3,4,1
"393",393,0,4,1,0,4,3,3,4,2,4,3,4,4,3,2,2,2,3,3,3,2,2,3,1,1
"394",394,1,3,3,0,4,4,2,3,1,3,3,3,3,3,3,3,2,2,1,1,2,3,2,1,1
"395",395,1,4,3,0,3,4,3,3,3,4,3,4,3,3,4,3,3,3,4,4,2,2,3,2,1
"396",396,1,1,3,0,3,3,1,1,1,2,2,1,4,4,4,4,4,4,4,4,3,4,3,1,1
"397",397,1,4,1,0,2,3,2,2,1,3,3,3,3,4,4,3,2,3,4,4,4,4,5,1,1
"398",398,0,3,2,0,2,3,2,2,2,2,4,3,2,2,3,4,3,3,4,4,3,3,4,4,4
"399",399,0,2,2,0,4,3,4,4,3,4,4,5,2,4,4,4,3,3,4,4,2,2,3,2,2
"400",400,0,2,1,0,3,4,2,3,1,4,4,4,4,3,4,3,4,2,2,2,2,2,3,1,1
"401",401,0,4,3,0,2,3,3,3,3,4,4,5,3,4,3,3,2,3,3,2,2,2,3,1,1
"402",402,1,2,2,0,3,3,1,2,1,3,4,4,3,4,4,3,2,4,2,4,2,3,3,1,1
"403",403,1,3,2,0,3,1,3,4,2,3,5,5,4,4,4,3,2,4,4,4,2,1,5,1,1
"404",404,1,4,2,0,2,2,2,2,3,3,3,3,3,3,4,3,3,4,4,4,4,4,5,1,1
"405",405,1,2,1,0,2,3,3,3,2,4,4,4,3,3,3,3,2,3,4,4,4,4,5,1,1
"406",406,1,2,3,0,5,4,3,2,2,3,2,3,3,2,1,3,1,2,1,1,2,3,3,1,1
"407",407,1,2,2,0,5,4,4,4,3,4,5,4,3,2,3,4,1,1,1,3,2,1,3,1,1
"408",408,0,3,2,0,5,3,4,4,4,3,5,4,4,4,4,1,3,1,1,1,1,1,2,1,1
"409",409,0,1,1,0,1,4,3,3,1,3,3,3,3,4,4,3,1,2,2,2,2,2,3,1,1
"410",410,1,1,2,0,1,3,3,3,2,2,3,3,2,3,3,2,2,2,1,4,2,2,3,1,1
"411",411,0,4,1,0,4,4,3,4,2,5,3,5,3,4,4,3,4,4,4,3,1,1,3,1,1
"412",412,0,4,2,0,3,3,4,4,4,4,4,5,1,4,3,4,2,1,4,4,4,4,5,1,1
"413",413,0,4,2,0,5,2,3,3,3,4,4,4,4,4,2,3,4,4,4,4,1,1,2,1,1
"414",414,0,2,2,0,4,3,4,4,2,4,5,5,3,4,4,3,4,4,2,2,2,3,4,1,1
"415",415,0,2,3,0,5,1,3,4,2,4,4,4,3,4,4,3,4,2,4,4,2,3,3,1,1
"416",416,1,1,3,0,3,4,2,2,2,2,3,3,3,2,4,2,2,2,2,3,2,2,2,1,1
"417",417,0,1,2,0,3,3,3,3,2,2,3,4,1,3,3,2,3,2,2,2,3,3,4,1,1
"418",418,0,4,1,0,3,1,4,4,3,5,5,5,3,4,4,3,4,4,4,4,4,4,4,1,1
"419",419,1,2,1,0,1,3,2,3,1,3,4,5,3,4,4,3,1,3,1,1,2,1,2,1,1
"420",420,0,3,1,0,5,2,4,4,3,3,4,4,3,4,2,3,3,4,4,4,3,4,5,1,1
"421",421,1,4,2,0,2,4,1,3,1,4,4,4,4,3,4,3,1,2,1,2,2,2,3,1,1
"422",422,1,4,2,0,3,3,2,3,1,4,1,2,4,3,3,2,3,3,4,4,3,3,3,2,1
"423",423,0,5,2,0,2,4,3,4,3,5,5,5,3,1,4,4,3,3,3,4,3,3,4,1,1
"424",424,0,4,2,0,2,3,1,1,1,3,3,5,4,4,4,4,2,2,2,2,3,2,4,1,1
"425",425,1,4,1,0,3,3,4,4,2,5,5,4,4,4,4,3,2,3,2,2,4,3,4,1,1
"426",426,1,2,1,0,2,3,3,3,2,4,4,5,3,3,4,2,3,2,2,4,2,4,4,1,1
"427",427,0,2,3,0,4,2,2,4,2,4,5,5,3,4,4,2,4,3,4,4,3,3,4,1,1
"428",428,1,1,2,0,3,3,2,2,1,4,1,1,4,4,3,4,2,4,4,4,2,2,3,1,1
"429",429,0,1,2,0,2,3,3,2,1,1,2,4,4,4,4,2,1,2,3,2,1,1,3,1,1
"430",430,1,3,2,0,3,2,2,2,2,2,2,4,3,3,3,2,2,2,1,2,2,2,2,1,1
"431",431,1,4,1,0,3,2,4,3,2,5,5,5,3,4,4,4,2,3,3,3,3,3,4,1,1
"432",432,1,4,2,0,3,2,4,4,2,4,4,4,4,3,4,3,3,1,2,3,2,3,4,1,1
"433",433,1,1,3,0,5,3,4,3,2,4,3,4,2,3,4,2,1,2,2,3,2,2,3,1,1
"434",434,0,2,3,0,5,2,2,2,2,3,4,4,3,4,4,4,4,4,2,3,4,4,4,3,3
"435",435,0,2,3,0,5,3,4,4,3,5,5,5,3,4,4,4,3,1,2,2,3,3,4,1,1
"436",436,0,2,2,0,5,3,3,3,3,2,3,4,4,3,2,3,2,2,4,2,2,2,3,1,1
"437",437,1,3,1,0,3,1,4,4,3,4,4,5,2,4,4,4,2,2,1,2,4,3,4,3,3
"438",438,1,2,2,0,5,3,2,2,1,3,2,2,4,1,3,2,2,2,2,2,1,1,2,1,1
"439",439,1,2,3,0,5,3,4,3,2,3,3,4,1,1,1,2,2,2,1,1,1,1,2,1,1
"440",440,1,2,3,1,5,3,4,4,4,4,4,5,2,4,4,4,4,3,2,3,2,3,3,1,1
"441",441,1,2,3,1,4,4,2,2,3,2,2,2,3,2,3,3,3,2,2,4,3,4,5,2,3
"442",442,1,1,2,1,4,2,4,3,1,3,4,5,4,4,4,4,4,4,1,2,1,1,2,2,1
"443",443,1,3,2,1,3,2,3,4,2,4,4,4,3,3,3,3,2,3,2,2,2,3,3,1,1
"444",444,0,1,1,1,3,5,4,4,4,5,4,5,4,4,4,4,4,1,4,4,3,3,4,2,1
"445",445,0,5,1,1,3,5,2,2,2,3,4,4,3,3,4,3,3,4,4,4,2,2,3,1,1
"446",446,1,5,3,1,2,3,2,2,2,4,4,4,3,3,3,2,2,3,2,2,2,2,3,1,1
"447",447,0,3,1,1,3,4,2,3,1,5,4,5,4,2,3,3,3,2,1,2,1,2,2,1,1
"448",448,1,2,3,1,5,3,2,4,2,3,3,3,4,2,3,1,2,1,1,1,1,1,2,1,1
"449",449,0,2,3,1,4,3,3,3,2,4,3,3,3,3,4,2,3,3,2,3,3,3,5,1,1
"450",450,1,1,2,1,5,3,1,1,1,3,2,4,2,2,2,3,1,1,1,1,1,1,2,1,1
"451",451,1,2,3,1,3,3,2,3,2,4,3,5,3,4,4,3,1,1,2,2,2,2,3,1,1
"452",452,1,4,2,1,5,4,4,4,4,3,2,2,3,4,4,4,2,1,4,4,4,4,5,1,1
"453",453,0,3,2,1,5,5,4,4,4,5,5,5,2,1,4,1,1,1,3,3,3,3,4,1,1
"454",454,0,2,1,1,5,5,3,3,2,2,2,3,4,4,4,3,3,2,2,4,3,3,3,2,1
"455",455,0,2,3,1,5,1,3,4,1,4,4,4,3,1,1,1,1,1,4,4,4,4,5,1,1
"456",456,1,4,3,1,4,2,4,4,3,3,4,5,3,3,4,2,2,4,2,3,3,4,3,4,3
"457",457,0,3,2,1,5,3,3,4,2,4,4,4,2,2,2,2,4,3,2,3,2,2,3,1,1
"458",458,1,5,3,1,3,4,4,3,2,3,3,3,4,3,3,3,3,3,4,3,3,3,3,1,1
"459",459,1,4,2,0,2,1,2,3,2,5,5,5,2,1,4,3,1,4,3,3,3,4,4,1,1
"460",460,0,1,2,0,4,4,3,3,2,2,4,4,4,4,4,3,3,3,3,3,2,2,3,2,2
"461",461,0,1,2,0,3,4,2,2,2,4,3,2,3,3,4,3,3,2,2,2,2,2,3,1,1
"462",462,1,1,2,0,4,4,1,1,1,4,4,4,4,3,2,2,2,2,1,1,1,1,2,1,1
"463",463,0,4,1,0,3,3,3,3,3,5,5,4,3,4,1,4,3,2,2,2,2,2,3,1,1
"464",464,1,4,3,0,3,5,3,3,2,4,3,3,4,3,4,2,1,3,4,4,4,4,5,1,1
"465",465,0,4,1,0,3,3,3,4,4,4,4,4,2,4,4,3,2,2,4,4,4,4,5,3,4
"466",466,0,5,1,0,2,3,3,3,2,4,4,4,1,2,3,3,3,3,2,3,3,2,4,1,1
"467",467,1,4,2,0,3,2,3,3,2,3,4,4,3,3,4,4,2,3,4,4,4,4,5,1,1
"468",468,0,4,3,0,3,1,2,2,2,4,3,5,4,4,4,4,4,3,4,3,4,4,5,1,1
"469",469,0,4,1,0,3,3,4,4,3,4,4,4,3,3,3,3,3,3,3,4,4,4,5,1,1
"470",470,0,3,1,0,5,4,4,4,4,5,5,5,4,3,4,3,3,1,4,4,4,4,5,1,1
"471",471,1,3,1,0,3,3,4,3,3,4,3,4,4,3,4,3,3,3,3,4,4,4,5,4,1
"472",472,0,3,1,0,3,3,4,4,4,5,4,4,3,4,4,3,3,3,1,3,3,4,4,1,1
"473",473,0,2,2,0,5,3,4,4,2,3,4,4,3,4,4,2,2,2,2,2,2,2,3,1,1
"474",474,0,1,3,0,5,2,2,2,2,3,3,3,3,4,3,3,2,2,2,3,2,2,3,2,1
"475",475,0,1,2,0,4,4,3,2,2,2,2,2,4,4,4,3,2,2,4,4,4,4,4,1,1
"476",476,0,3,1,0,3,3,2,3,1,4,3,4,4,2,3,2,2,1,2,2,1,2,2,1,1
"477",477,1,4,1,0,2,3,3,3,3,4,3,4,3,4,3,3,2,2,2,2,3,3,3,1,1
"478",478,1,1,1,0,3,3,4,4,3,5,5,5,4,3,4,3,3,1,2,2,2,2,3,1,1
"479",479,0,2,3,0,5,5,4,4,2,4,4,4,4,3,4,4,4,3,4,4,3,4,4,1,1
"480",480,0,3,3,0,4,3,4,4,4,5,5,5,2,4,4,3,2,3,4,4,4,4,5,1,1
"481",481,1,2,3,0,5,3,3,3,1,4,2,2,3,1,1,1,1,1,1,1,1,1,2,1,1
"482",482,1,2,3,0,5,4,3,3,1,3,2,4,1,2,3,2,1,3,1,2,2,2,2,1,1
"483",483,1,4,1,0,2,2,4,4,4,4,5,4,4,4,4,4,2,4,3,4,3,4,4,1,1
"484",484,1,2,2,0,5,3,3,2,2,4,4,4,2,4,4,4,4,4,2,3,2,2,3,1,1
"485",485,1,1,1,0,3,4,1,2,1,3,2,1,4,3,4,1,1,2,2,2,2,2,3,1,1
"486",486,0,4,2,0,4,3,2,2,2,3,4,4,3,1,3,2,3,3,2,3,1,1,2,1,1
"487",487,1,4,2,0,2,2,3,3,2,3,3,5,4,4,4,3,4,4,4,4,3,3,4,1,1
"488",488,1,4,1,0,2,2,2,3,2,4,2,2,4,3,3,4,2,4,3,4,1,2,2,1,1
"489",489,1,5,1,0,2,3,3,3,3,4,4,5,3,2,4,3,2,3,2,3,3,3,4,1,1
"490",490,1,3,2,0,5,2,4,3,2,4,3,3,2,3,3,3,2,2,4,4,3,3,4,1,1
"491",491,0,3,2,0,4,4,2,2,1,3,3,3,4,4,4,4,4,2,2,2,2,2,3,1,1
"492",492,0,3,1,0,3,4,2,2,2,4,4,4,3,4,3,3,3,3,4,4,4,4,3,1,1
"493",493,0,1,2,0,1,2,3,4,2,4,3,4,2,1,3,2,3,2,3,3,4,4,5,1,1
"494",494,1,4,1,0,2,3,1,1,1,4,4,4,4,3,3,4,2,4,3,3,3,2,3,1,1
"495",495,0,1,1,0,4,3,4,4,4,5,5,5,2,4,2,4,2,3,1,1,2,2,3,1,1
"496",496,1,3,2,0,4,3,4,3,4,4,4,4,1,3,2,3,3,2,3,3,2,3,3,1,1
"497",497,1,3,2,0,2,3,4,4,4,5,5,5,1,1,4,1,1,4,4,4,4,4,3,3,1
"498",498,0,1,2,0,4,1,4,4,2,4,4,5,3,3,3,4,4,3,3,3,2,3,3,1,1
"499",499,1,2,2,0,5,3,3,3,3,4,4,4,3,3,4,3,1,1,2,2,3,4,3,1,1
"500",500,0,1,1,0,3,3,4,4,4,3,4,5,2,3,4,2,1,1,1,4,1,1,2,1,1
"501",501,0,4,3,0,5,3,3,2,2,4,4,4,3,4,4,4,4,4,3,4,2,3,3,1,1
"502",502,0,3,3,0,5,2,2,2,2,1,1,4,4,4,3,3,4,2,2,2,2,2,3,1,1
"503",503,1,2,2,0,4,3,4,4,3,2,3,2,2,3,4,2,1,1,2,3,2,3,3,1,1
"504",504,1,4,2,0,4,3,2,2,2,4,4,4,4,3,4,3,1,3,4,3,2,2,3,1,1
"505",505,0,3,3,0,5,4,2,2,2,2,3,5,4,4,4,3,4,2,4,4,4,4,5,1,1
"506",506,1,1,2,0,2,3,4,4,4,4,4,4,3,3,4,1,3,4,2,2,2,2,3,1,1
"507",507,1,1,1,0,1,4,2,2,1,4,4,4,3,3,4,4,3,2,3,3,2,3,3,1,1
"508",508,0,3,2,0,5,2,3,4,1,3,4,4,4,4,3,3,2,2,2,2,2,2,3,1,1
"509",509,1,4,1,0,2,3,4,4,4,5,5,5,2,3,4,2,3,3,3,3,3,3,3,1,1
"510",510,0,1,1,0,3,3,3,3,3,4,4,4,2,2,4,3,3,3,3,3,3,3,4,1,1
"511",511,1,3,3,0,5,3,3,3,2,3,4,4,1,3,3,2,2,2,1,1,2,2,3,1,1
"512",512,1,2,3,0,3,3,4,4,4,4,4,4,4,4,4,2,3,2,4,4,4,4,5,1,2
"513",513,0,4,1,0,2,3,2,1,1,4,3,4,2,2,4,3,4,3,2,3,1,2,2,1,1
"514",514,0,3,3,0,5,2,3,3,2,3,3,4,3,3,3,3,3,3,3,3,2,2,3,1,1
"515",515,0,2,2,0,5,3,2,2,2,2,3,3,2,2,2,2,2,3,2,2,2,2,3,2,2
"516",516,0,2,1,0,4,4,2,2,3,4,5,4,3,3,3,3,2,3,3,3,3,3,4,1,1
"517",517,0,2,2,0,5,2,4,4,3,4,4,5,3,3,3,3,3,1,2,2,2,4,3,1,1
"518",518,1,3,3,0,5,1,3,2,1,4,4,4,3,4,4,4,4,4,4,4,2,4,2,1,1
"519",519,0,4,1,0,4,3,2,3,2,4,3,4,3,3,4,2,3,2,3,4,2,4,3,1,1
"520",520,0,4,2,0,3,2,1,1,1,5,4,5,4,4,4,4,4,4,3,3,3,3,4,1,1
"521",521,1,3,1,0,3,3,1,2,1,3,3,3,4,3,3,2,2,3,2,2,2,2,3,1,1
"522",522,0,1,2,0,5,4,3,3,1,2,3,4,2,1,3,3,1,3,1,1,1,1,2,1,1
"523",523,0,1,2,0,4,5,3,3,2,4,4,4,3,3,3,2,2,3,3,3,2,2,3,1,1
"524",524,0,2,2,0,4,4,4,4,3,4,4,4,4,4,4,3,4,3,4,4,4,4,5,1,1
"525",525,0,4,2,0,4,3,3,4,2,4,5,4,3,4,4,3,1,2,2,4,2,2,3,1,1
"526",526,0,3,1,0,5,1,4,4,3,4,4,4,4,3,4,3,2,3,2,2,2,2,3,1,1
"527",527,1,1,3,0,4,3,2,2,2,3,3,3,4,3,2,3,3,3,4,4,4,4,5,1,1
"528",528,1,4,1,0,1,2,3,3,2,3,4,4,4,3,3,3,3,3,3,4,3,4,4,1,1
"529",529,1,3,3,0,5,3,1,2,1,4,3,4,4,3,3,2,3,3,3,3,4,3,4,1,1
"530",530,0,2,3,0,5,4,3,3,2,3,3,2,2,3,3,3,3,3,2,2,2,2,3,1,1
"531",531,0,4,1,0,3,4,3,3,2,4,4,5,4,4,3,2,3,4,4,4,2,2,3,1,1
"532",532,1,4,1,0,3,3,2,3,2,4,4,4,4,3,3,3,2,3,3,3,2,3,3,1,1
"533",533,1,1,3,0,1,1,4,4,3,4,1,5,1,2,4,2,1,1,1,1,1,1,2,1,1
"534",534,1,3,3,0,5,3,2,3,1,3,4,3,2,4,3,3,2,4,3,3,2,2,2,1,1
"535",535,1,4,2,0,2,4,3,3,3,3,4,3,4,4,4,4,4,4,4,4,4,4,5,1,1
"536",536,1,2,2,0,5,4,3,3,1,3,3,3,3,3,3,2,1,2,1,1,2,2,3,1,1
"537",537,1,2,1,0,3,3,3,2,1,4,5,5,2,4,4,3,1,2,2,2,3,3,3,1,1
"538",538,0,1,1,0,3,3,4,4,2,5,5,5,1,4,4,3,3,2,2,1,1,2,2,1,1
"539",539,1,3,2,0,3,4,2,3,2,4,3,4,3,2,4,3,2,3,1,2,1,2,2,1,1
"540",540,0,3,2,0,4,2,4,4,2,5,5,5,3,4,4,3,3,3,1,2,2,1,2,1,1
"541",541,0,1,1,0,4,3,4,4,3,5,5,5,3,3,3,1,2,1,2,2,3,3,4,2,1
"542",542,1,1,1,0,1,3,2,2,2,4,4,4,3,4,3,3,2,2,2,2,2,2,3,1,1
"543",543,1,3,2,0,3,2,2,3,2,4,5,5,3,3,2,3,1,3,1,1,1,1,2,1,1
"544",544,1,2,1,0,3,2,3,4,3,3,2,3,3,2,4,3,3,3,2,2,3,3,4,2,2
"545",545,1,4,1,0,3,3,3,3,3,3,4,4,2,3,3,2,2,2,2,3,2,3,3,1,1
"546",546,0,4,1,0,2,4,2,3,2,4,4,5,4,4,4,3,2,2,4,4,4,4,3,1,1
"547",547,0,4,2,0,4,2,1,1,1,3,3,3,4,4,2,2,2,3,4,4,4,4,5,1,1
"548",548,0,2,2,0,5,3,4,4,4,3,3,5,4,4,4,2,3,1,3,4,4,4,5,4,1
"549",549,0,4,1,0,2,3,3,4,3,4,4,5,3,3,4,4,4,3,2,4,2,3,3,1,1
"550",550,0,3,1,0,3,3,3,2,2,4,4,4,4,3,4,3,2,3,2,2,2,2,3,1,1
"551",551,1,4,3,0,3,3,3,4,3,5,5,5,4,4,4,2,2,3,3,3,4,3,4,1,1
"552",552,1,3,1,0,2,2,4,4,4,4,4,5,2,3,2,3,4,3,2,2,3,3,4,1,1
"553",553,0,4,1,0,3,3,3,4,3,3,4,4,2,4,4,3,3,3,2,3,2,2,3,1,1
"554",554,1,4,1,0,2,2,3,3,2,4,4,4,4,3,3,3,2,3,1,2,1,2,2,1,1
"555",555,0,3,1,0,3,3,4,4,4,4,4,4,2,4,4,4,4,4,4,4,4,4,5,1,1
"556",556,0,4,1,0,3,3,4,4,4,5,5,5,2,2,4,2,2,4,4,3,3,4,5,1,1
"557",557,0,1,2,0,1,3,2,3,2,4,4,5,3,3,3,3,3,3,2,2,2,2,3,1,1
"558",558,1,3,2,0,4,3,4,4,4,4,4,5,1,4,4,2,3,3,4,3,3,4,5,1,1
"559",559,0,2,2,0,5,5,3,3,2,4,4,4,3,3,4,3,4,3,2,2,2,2,3,1,1
"560",560,0,1,1,0,5,3,1,2,1,1,3,3,4,4,4,4,4,2,2,2,2,2,3,1,1
"561",561,0,2,2,0,4,4,2,2,2,3,4,4,3,3,4,3,3,3,3,3,2,2,3,1,1
"562",562,1,1,3,0,4,3,3,3,2,3,3,3,3,3,3,3,2,3,1,1,1,1,2,1,1
"563",563,0,1,2,0,5,3,3,3,1,4,4,5,4,4,4,3,3,2,2,3,2,2,2,1,1
"564",564,1,1,3,0,2,2,2,4,2,2,3,4,4,3,3,2,2,1,2,2,2,1,3,1,1
"565",565,0,3,1,0,4,3,4,4,4,4,5,5,4,2,4,4,2,2,2,2,2,2,3,1,1
"566",566,1,3,2,0,4,3,3,4,2,4,4,5,4,4,4,1,1,2,2,3,2,2,3,1,1
"567",567,1,4,1,0,3,3,2,4,2,3,3,3,3,2,2,4,1,3,3,3,2,2,3,1,1
"568",568,0,4,2,0,4,3,2,2,1,2,4,3,3,4,4,3,3,4,2,2,2,3,4,2,3
"569",569,0,3,3,0,5,3,4,4,3,3,4,4,4,4,3,3,4,3,2,2,2,2,3,1,1
"570",570,0,2,2,0,4,3,4,4,3,5,5,5,1,4,4,2,3,2,2,2,3,4,5,2,1
"571",571,0,2,1,0,3,3,4,4,3,5,5,4,2,3,4,3,3,3,3,3,3,3,4,2,2
"572",572,0,4,1,0,2,1,4,4,3,3,4,5,3,4,4,3,3,3,4,4,3,3,4,1,1
"573",573,1,3,2,0,3,1,4,4,4,4,4,4,2,4,4,2,3,3,2,3,2,3,3,2,2
"574",574,1,3,3,0,4,3,2,2,2,3,4,4,4,4,4,4,2,4,2,4,3,3,4,1,1
"575",575,1,3,1,0,1,4,3,4,1,4,5,5,3,4,4,3,2,3,4,3,2,2,3,1,1
"576",576,1,1,3,0,2,2,2,3,1,3,3,4,4,1,2,1,1,3,2,2,2,2,3,1,1
"577",577,0,2,1,0,3,3,4,4,2,4,4,4,4,4,4,4,3,4,1,1,4,4,4,1,1
"578",578,1,1,3,0,4,2,3,2,2,4,3,5,3,3,4,3,3,3,4,4,4,4,5,1,1
"579",579,0,2,2,0,4,3,2,3,2,4,2,2,3,4,4,4,4,4,4,4,3,2,3,1,1
"580",580,0,2,1,0,5,3,2,2,2,4,4,4,4,3,4,1,3,3,4,4,3,4,4,1,1
"581",581,0,4,1,0,2,3,1,3,2,3,3,3,4,3,3,3,4,3,4,4,4,4,5,2,3
"582",582,1,2,2,0,3,3,2,1,1,3,3,2,3,4,3,3,2,3,3,2,2,2,3,1,1
"583",583,0,2,2,0,5,4,2,1,2,3,4,5,3,4,4,4,4,3,1,4,1,1,2,1,1
"584",584,0,4,1,0,3,3,2,3,1,4,4,4,4,3,3,4,2,4,2,2,2,3,3,1,1
"585",585,1,2,1,0,2,3,2,2,2,4,4,4,2,3,4,3,3,3,2,2,2,2,3,1,1
"586",586,0,4,1,0,3,1,3,3,2,4,5,5,4,4,4,3,4,4,4,4,3,3,3,1,1
"587",587,1,2,3,0,2,1,3,4,2,3,4,4,4,4,4,4,3,4,4,4,4,4,5,1,1
"588",588,0,3,3,0,5,3,4,4,4,3,3,3,4,4,2,4,3,3,4,4,4,4,5,1,1
"589",589,0,4,1,0,2,2,3,3,2,3,3,4,3,4,4,3,3,4,4,4,3,4,4,1,1
"590",590,0,2,1,0,3,4,4,4,4,4,5,5,3,4,4,4,4,4,4,4,3,4,4,4,3
"591",591,1,3,1,0,4,3,4,4,3,4,5,5,3,3,3,3,1,2,2,3,1,4,3,1,1
"592",592,0,3,3,0,5,3,4,4,3,4,4,4,3,4,4,2,1,1,2,2,1,1,2,2,1
"593",593,1,2,3,0,4,3,4,3,2,3,3,5,3,3,3,2,1,3,1,2,1,2,2,1,1
"594",594,1,4,3,0,3,3,3,4,2,1,4,5,2,3,4,3,2,3,3,4,3,3,4,1,1
"595",595,1,1,2,0,3,2,3,4,2,3,4,4,4,4,4,4,1,2,3,3,2,2,3,1,1
"596",596,1,3,3,0,1,3,4,4,4,5,4,5,2,4,2,3,3,2,2,3,2,3,4,2,1
"597",597,0,4,2,0,2,4,4,4,4,4,4,4,3,4,4,2,2,4,3,3,3,3,4,1,1
"598",598,1,1,1,0,2,3,4,4,2,4,5,5,3,2,4,1,1,2,3,3,3,3,4,1,1
"599",599,0,2,1,0,5,3,3,4,2,4,5,4,4,3,4,3,3,3,4,4,3,3,2,1,1
"600",600,0,3,3,0,5,3,3,3,2,3,3,4,3,3,4,2,4,3,2,3,2,2,2,1,1
"601",601,0,3,1,0,5,3,3,4,3,3,3,5,3,4,3,2,2,3,2,3,2,2,3,1,1
"602",602,1,2,3,0,4,2,3,3,2,4,4,4,3,3,3,2,2,4,4,4,2,3,2,1,1
"603",603,1,4,2,0,2,2,2,3,2,3,4,4,4,3,4,3,2,4,1,2,2,1,2,1,1
"604",604,1,4,2,0,3,3,3,4,2,4,4,4,3,4,3,3,2,3,1,4,2,2,3,1,1
"605",605,0,2,3,0,4,5,1,3,1,3,3,3,4,3,4,3,1,2,1,1,2,2,3,1,1
"606",606,0,3,2,0,5,3,2,3,2,3,3,2,3,3,4,3,3,2,4,4,2,2,3,1,1
"607",607,1,3,2,0,3,3,4,4,3,4,4,4,4,2,3,3,2,4,3,4,3,4,3,2,2
"608",608,0,1,3,0,4,3,3,3,3,4,4,4,3,3,4,3,3,2,3,3,3,3,4,1,1
"609",609,0,1,2,0,3,3,2,3,1,4,2,4,4,4,4,2,4,3,3,3,3,3,4,1,1
"610",610,0,3,2,0,4,2,2,3,3,3,3,4,3,3,4,2,4,2,3,3,3,3,3,1,1
"611",611,1,3,1,0,4,2,2,4,2,4,5,5,4,4,4,2,1,3,4,4,2,2,3,1,1
"612",612,0,1,1,0,2,4,3,3,1,4,3,2,3,4,4,2,4,2,3,2,2,2,3,1,1
"613",613,0,3,2,0,3,2,4,4,4,4,4,5,2,4,4,1,3,3,2,2,4,4,5,1,1
"614",614,1,4,1,0,3,3,2,2,2,4,3,3,3,3,3,3,3,3,2,2,2,2,3,1,1
"615",615,1,4,2,0,3,3,2,3,1,4,4,4,4,4,4,2,3,2,1,2,2,2,2,1,1
"616",616,1,3,2,0,5,3,3,3,2,3,3,4,3,4,4,2,2,3,3,3,4,2,3,1,1
"617",617,1,1,2,0,3,4,2,2,2,4,4,4,4,3,4,3,3,3,3,3,3,3,4,2,2
"618",618,0,3,1,0,5,3,4,4,3,5,5,5,3,4,4,3,3,1,1,1,2,3,4,1,1
"619",619,1,3,2,0,5,3,3,3,1,2,2,2,4,3,3,3,3,3,1,1,1,1,2,2,1
"620",620,0,2,2,0,5,4,2,2,2,4,4,4,3,4,2,4,4,3,2,2,2,2,3,2,1
"621",621,0,3,2,0,4,2,2,2,2,4,2,2,3,2,3,2,3,4,3,4,2,2,3,1,1
"622",622,1,5,1,0,2,3,3,3,2,3,3,3,1,2,2,2,2,3,2,2,2,2,3,1,1
"623",623,1,2,1,1,3,1,4,4,4,4,5,5,2,4,4,3,4,4,2,3,2,2,3,1,1
"624",624,1,2,3,1,5,3,4,4,4,4,4,4,2,3,3,3,3,3,3,3,2,2,3,1,1
"625",625,0,2,2,1,5,2,3,3,2,3,3,2,3,4,4,3,2,3,4,2,4,3,4,2,4
"626",626,0,1,2,1,1,4,3,4,1,3,4,5,4,4,4,3,3,3,2,2,1,1,2,2,1
"627",627,0,2,3,1,5,3,3,3,2,3,2,2,4,3,3,3,3,3,2,2,2,2,3,1,1
"628",628,0,3,3,1,5,5,1,1,1,3,2,2,4,2,4,3,4,4,3,4,1,1,2,2,3
"629",629,1,1,3,1,4,5,2,2,2,2,4,5,3,4,4,3,4,4,4,4,2,2,4,1,1
"630",630,0,2,2,1,5,2,2,2,1,3,3,3,3,3,3,3,2,2,3,3,3,3,3,1,1
"631",631,0,3,2,1,5,4,2,3,2,2,4,4,2,3,3,2,2,2,2,2,2,2,3,1,1
"632",632,1,2,3,1,5,3,2,3,2,4,4,5,4,3,2,2,1,2,1,2,2,2,3,1,1
"633",633,0,3,2,1,5,3,2,4,3,3,4,4,4,1,3,2,3,2,1,1,1,2,2,1,1
"634",634,1,2,3,1,5,3,3,3,2,3,3,4,4,3,3,3,2,3,3,3,4,4,5,1,1
"635",635,1,2,2,1,5,3,3,3,2,4,4,4,2,3,4,3,4,1,2,2,3,2,3,1,1
"636",636,0,4,3,1,2,3,3,3,4,3,4,5,3,4,4,3,3,1,4,3,3,3,4,1,1
"637",637,0,1,1,1,5,3,3,4,2,3,2,2,3,4,4,2,3,2,4,4,4,4,5,1,1
"638",638,1,2,3,1,4,3,4,4,4,4,5,5,2,4,4,4,1,1,2,2,2,2,4,1,1
"639",639,1,3,3,1,5,2,2,2,2,3,3,4,3,4,4,3,2,3,2,2,3,3,3,1,1
"640",640,1,4,1,1,2,5,3,3,3,4,4,4,3,3,3,3,3,3,2,3,2,2,3,1,1
"641",641,0,2,3,1,5,2,3,4,2,3,4,4,3,3,3,2,3,3,2,3,2,3,2,1,1
"642",642,0,2,1,1,4,4,2,2,2,3,3,4,3,2,2,2,3,3,3,3,2,3,3,1,1
"643",643,1,2,2,1,2,4,4,4,2,2,2,2,4,2,3,4,1,4,4,4,1,1,2,1,1
"644",644,1,3,3,0,5,2,2,3,2,4,4,4,4,3,3,3,1,3,2,3,3,3,3,1,1
"645",645,1,3,1,0,2,3,4,4,3,3,4,4,3,4,4,3,1,3,3,2,2,2,3,1,1
"646",646,1,5,1,0,3,5,3,3,3,5,5,5,3,3,4,3,3,4,4,4,4,4,5,1,1
"647",647,0,3,1,0,4,3,4,3,3,5,5,5,4,3,4,3,3,1,4,4,4,4,5,1,1
"648",648,0,2,3,0,5,4,2,2,2,3,3,2,3,3,3,2,4,2,2,2,2,2,3,1,1
"649",649,0,1,1,0,1,4,2,2,1,3,2,2,3,4,4,2,3,3,2,2,2,2,3,1,1
"650",650,0,4,3,0,2,3,2,3,2,5,3,3,3,4,4,3,1,3,4,4,2,2,3,1,1
"651",651,1,3,2,0,3,2,4,4,1,3,4,4,2,3,3,4,2,3,2,2,3,2,4,1,1
"652",652,0,4,1,0,2,3,3,3,3,3,4,4,2,4,4,4,4,2,4,4,4,4,5,1,1
"653",653,1,3,1,0,2,4,1,2,2,3,3,4,4,4,4,4,1,1,2,2,2,2,2,1,1
"654",654,0,1,1,0,1,3,2,2,3,3,3,2,3,3,3,3,3,3,4,4,4,3,5,1,2
"655",655,1,3,1,0,3,1,4,4,3,5,5,5,4,4,4,4,3,3,4,4,4,4,5,1,1
"656",656,1,2,2,0,3,3,4,4,3,4,4,5,4,3,4,4,3,4,4,4,4,4,5,1,1
"657",657,0,2,1,0,5,3,3,3,3,2,5,5,3,3,3,2,2,3,2,3,2,2,3,1,1
"658",658,0,4,1,0,2,2,4,4,4,4,5,5,3,4,2,2,2,2,3,3,3,3,4,1,1
"659",659,1,5,1,0,3,3,3,3,2,3,4,4,3,4,4,2,2,3,4,4,2,2,3,1,1
"660",660,1,4,1,0,2,3,3,3,4,4,4,4,4,3,4,3,3,3,4,4,3,3,3,1,1
"661",661,1,4,2,0,2,3,2,3,2,3,3,3,4,3,4,3,3,2,2,2,2,3,5,1,1
"662",662,1,2,1,0,5,3,3,3,2,3,4,4,3,4,4,3,3,1,1,1,2,3,3,1,1
"663",663,1,2,2,0,3,2,4,4,4,5,5,5,4,4,4,3,4,3,2,2,2,2,3,2,2
"664",664,0,1,2,0,4,5,4,4,3,5,5,4,4,3,3,3,3,3,4,4,2,4,3,1,1
"665",665,1,5,1,0,2,2,4,4,4,5,5,5,3,3,4,4,3,4,4,4,4,4,5,1,1
"666",666,0,1,2,0,5,4,2,3,1,3,2,4,3,2,1,2,2,2,3,2,2,2,2,1,1
"667",667,1,4,2,0,2,4,2,2,1,3,3,2,2,2,3,2,2,3,2,3,2,2,2,1,1
"668",668,0,2,3,0,5,4,4,3,2,3,2,2,4,3,3,3,3,2,3,3,2,2,3,1,1
"669",669,1,1,2,0,4,3,2,2,2,4,4,4,3,4,4,4,4,4,2,1,1,1,2,1,1
"670",670,1,1,2,0,3,3,3,3,2,3,4,4,3,2,3,3,2,3,2,3,2,2,3,1,1
"671",671,1,2,3,0,5,4,2,2,1,3,4,5,3,2,2,1,1,2,1,1,1,1,2,1,1
"672",672,0,2,1,0,4,3,2,3,2,4,4,4,3,4,4,3,4,3,3,3,2,2,2,1,1
"673",673,0,4,1,0,2,4,3,4,4,4,5,5,4,4,4,4,4,3,4,3,2,2,2,1,3
"674",674,1,3,2,0,3,3,3,3,2,4,4,4,3,3,3,3,2,3,2,3,3,3,4,1,1
"675",675,0,3,2,0,2,5,2,3,2,4,3,3,2,3,2,3,2,2,4,4,3,3,4,1,1
"676",676,0,2,3,0,5,5,2,2,1,3,3,3,4,4,4,3,3,2,1,1,2,2,3,1,1
"677",677,0,2,2,0,4,4,1,1,1,3,2,2,3,3,3,3,3,2,2,2,3,3,3,1,1
"678",678,1,3,2,0,3,1,2,4,1,4,4,4,3,2,4,3,2,2,1,1,1,1,2,1,1
"679",679,0,1,1,0,1,3,2,2,2,3,2,5,3,1,4,4,4,1,4,4,4,4,5,2,1
"680",680,0,3,1,0,5,3,3,3,3,4,4,4,3,3,2,2,2,3,2,2,2,3,4,1,1
"681",681,0,4,1,0,3,2,3,3,3,4,4,4,2,3,3,3,3,3,2,3,2,2,3,1,1
"682",682,0,4,2,0,5,3,3,2,2,3,4,5,2,4,3,2,4,3,2,3,3,4,3,1,1
"683",683,0,4,1,0,3,1,4,4,2,4,4,4,4,3,3,4,3,3,4,4,3,4,4,1,1
"684",684,1,2,3,0,5,3,2,2,1,3,4,4,3,3,4,3,1,4,1,1,2,2,3,1,1
"685",685,0,3,2,0,3,3,4,4,4,4,5,5,2,3,4,3,1,1,2,4,1,1,2,1,1
"686",686,1,1,1,0,4,3,3,3,2,5,4,4,4,4,4,3,3,4,4,4,3,3,4,1,1
"687",687,1,1,1,0,1,4,3,3,3,3,3,3,4,2,4,4,3,4,2,4,2,3,4,1,3
"688",688,0,2,2,0,5,3,3,4,2,3,3,4,3,4,4,3,2,2,1,2,2,1,2,1,1
"689",689,1,2,2,0,3,3,2,3,2,4,4,4,3,3,1,3,2,3,3,3,2,2,4,1,1
"690",690,1,2,2,0,3,4,2,2,2,4,3,3,3,3,4,3,2,3,4,4,4,4,5,1,1
"691",691,1,4,2,0,1,2,3,3,3,4,4,4,2,3,4,2,3,4,4,3,3,3,4,1,1
"692",692,1,2,2,0,3,4,2,3,1,4,5,5,3,4,4,3,3,1,3,3,2,3,3,1,1
"693",693,0,4,3,0,5,3,4,4,2,3,4,5,3,3,3,4,2,3,2,2,2,4,3,1,1
"694",694,0,2,3,0,5,4,3,4,3,3,4,5,2,3,4,3,3,3,2,2,2,3,3,1,1
"695",695,1,2,2,0,4,5,3,2,2,3,2,4,3,3,3,3,2,3,2,2,2,2,3,1,1
"696",696,0,2,2,0,5,3,4,4,3,4,3,4,3,4,4,3,4,3,3,2,2,2,3,3,2
"697",697,0,3,1,0,1,4,4,4,3,5,5,5,3,4,4,2,3,3,4,4,4,4,5,1,1
"698",698,0,2,2,0,5,5,4,4,3,4,4,4,4,4,4,3,3,3,3,3,3,4,3,3,3
"699",699,1,1,2,0,4,3,3,3,2,2,3,4,3,3,3,2,2,2,1,1,2,3,2,1,1
"700",700,1,3,3,0,4,4,1,2,2,4,4,4,3,4,4,4,4,3,4,4,3,3,4,1,1
"701",701,1,3,3,0,5,2,4,4,3,4,4,4,4,4,4,3,2,2,2,3,2,2,3,2,1
"702",702,0,4,1,0,3,2,4,4,4,4,4,4,3,1,4,2,3,4,4,2,4,4,3,1,1
"703",703,0,4,3,0,3,2,2,4,2,4,4,4,3,3,3,2,3,2,3,4,3,4,3,1,1
"704",704,0,2,3,0,5,5,1,1,1,3,2,2,4,2,4,4,1,4,2,2,1,1,2,1,1
"705",705,0,2,3,0,5,3,4,4,4,3,4,5,4,4,4,3,4,4,4,4,3,4,4,3,1
"706",706,1,4,3,0,5,4,3,3,2,2,3,4,2,1,2,1,1,2,1,1,1,1,2,1,1
"707",707,0,3,1,0,5,2,3,3,2,4,4,5,4,3,3,3,2,3,3,3,2,2,3,1,1
"708",708,1,4,2,0,2,3,3,3,3,5,5,5,3,4,4,3,2,3,3,4,3,4,4,1,1
"709",709,1,1,1,0,3,3,3,4,2,3,4,4,3,4,4,3,1,1,2,3,2,4,3,1,1
"710",710,0,5,1,0,3,1,4,4,2,3,3,4,4,4,3,3,2,4,2,2,2,2,3,1,1
"711",711,1,3,3,0,5,3,3,3,3,3,3,3,4,4,4,3,3,4,4,4,4,4,5,1,1
"712",712,0,5,1,0,3,2,3,3,2,4,4,4,4,3,4,3,1,1,2,2,2,2,3,1,1
"713",713,0,3,2,0,5,3,4,4,3,3,4,5,4,4,4,4,2,4,3,3,4,4,3,1,1
"714",714,1,4,2,0,3,5,2,2,2,3,3,5,3,3,3,3,2,4,3,3,2,1,2,1,1
"715",715,1,4,2,0,3,3,4,4,4,4,5,5,2,3,4,3,2,3,3,3,3,4,3,1,1
"716",716,1,1,2,0,3,3,3,4,1,3,4,4,4,4,3,1,2,3,2,2,2,2,3,1,1
"717",717,1,3,1,0,4,2,2,4,2,3,3,4,3,3,3,3,2,3,2,2,2,2,3,1,1
"718",718,0,4,1,0,3,1,4,4,4,5,5,5,3,2,4,4,4,4,3,3,3,3,5,2,2
"719",719,0,1,2,0,5,4,2,3,1,3,2,3,3,3,4,3,3,1,1,1,2,2,2,1,1
"720",720,0,2,2,0,4,4,3,3,2,2,3,3,2,3,4,3,4,1,4,4,4,4,3,2,2
"721",721,0,3,2,0,5,2,4,3,3,2,2,2,4,3,4,3,4,4,3,2,1,2,3,1,1
"722",722,0,4,2,0,2,3,2,3,2,4,5,4,3,4,3,3,3,3,3,3,3,3,4,1,1
"723",723,1,2,2,0,3,2,2,3,2,3,2,4,2,1,3,1,1,1,2,2,2,3,3,1,1
"724",724,0,2,1,0,5,4,3,3,1,3,2,2,3,2,1,2,2,1,2,1,1,1,2,1,1
"725",725,0,3,3,0,5,5,3,2,1,3,4,5,4,3,4,4,1,2,2,2,2,3,3,1,1
"726",726,1,2,2,0,3,2,4,4,3,5,5,5,2,4,4,3,2,3,1,1,1,2,2,1,1
"727",727,0,4,3,0,5,3,3,3,2,3,2,5,3,3,3,2,3,1,2,2,2,3,3,1,1
"728",728,1,2,3,0,4,3,4,4,4,4,4,5,3,4,4,1,1,2,2,2,2,2,3,1,1
"729",729,0,1,2,0,5,4,2,3,2,4,4,4,4,3,3,3,2,2,2,1,2,2,3,1,1
"730",730,0,1,1,0,1,3,4,4,3,3,3,4,4,4,4,1,4,2,4,4,4,4,5,3,1
"731",731,0,1,2,0,5,4,1,2,1,2,2,2,4,4,3,4,3,4,1,2,1,1,2,1,1
"732",732,1,3,2,0,2,3,4,4,3,5,5,5,4,3,4,2,1,2,1,1,2,2,3,1,1
"733",733,0,3,2,0,5,4,2,3,1,3,3,3,3,4,3,4,3,3,2,2,2,3,3,1,1
"734",734,1,2,2,0,5,2,1,2,1,2,2,3,2,4,4,3,2,1,2,3,2,2,3,1,1
"735",735,1,4,3,0,2,1,4,4,4,4,5,5,4,4,4,1,2,3,4,4,4,4,5,1,1
"736",736,1,2,1,0,1,1,4,4,3,5,5,4,2,4,4,3,3,2,1,2,2,2,3,1,1
"737",737,0,2,3,0,5,2,3,3,2,4,4,4,4,3,4,3,2,3,2,3,2,2,2,1,1
"738",738,1,4,2,0,2,3,3,3,3,5,5,5,4,4,4,3,3,3,4,4,4,4,5,1,1
"739",739,1,2,3,0,4,4,4,4,3,4,4,4,3,4,3,3,2,2,3,3,3,3,4,1,1
"740",740,0,2,2,0,3,2,3,4,3,4,4,4,2,4,4,4,3,3,3,3,3,4,4,2,1
"741",741,0,1,1,0,1,4,3,3,2,3,3,4,3,3,3,3,3,2,1,2,1,1,3,1,1
"742",742,0,4,2,0,2,3,4,4,4,4,4,4,3,4,4,3,4,4,4,4,4,4,5,1,1
"743",743,1,1,3,0,3,2,4,4,4,3,4,5,4,4,4,4,2,1,3,3,4,4,5,3,1
"744",744,0,4,1,0,2,2,3,4,3,5,5,5,2,4,4,3,3,2,4,4,2,2,3,1,1
"745",745,0,1,1,0,5,3,4,4,3,4,4,5,2,4,4,2,3,2,1,1,3,3,3,1,1
"746",746,1,2,2,0,4,3,3,4,2,3,4,4,2,4,4,3,3,3,2,3,2,2,3,1,1
"747",747,0,3,2,0,4,3,3,3,2,4,4,4,2,3,3,3,3,2,3,3,2,2,3,1,1
"748",748,0,1,1,0,4,3,3,3,2,2,2,1,3,2,3,2,2,2,2,2,2,2,3,1,1
"749",749,0,1,1,0,1,3,2,3,3,4,4,4,3,3,4,2,3,2,4,4,1,1,2,1,1
"750",750,1,1,3,0,5,3,3,4,3,4,3,5,2,4,4,2,1,1,1,2,1,1,2,1,1
"751",751,1,2,2,0,3,4,2,2,2,3,4,5,4,4,4,3,1,3,2,2,2,2,2,1,1
"752",752,0,2,2,0,5,4,3,4,2,4,3,5,3,3,4,3,3,2,3,2,2,3,3,1,1
"753",753,1,3,2,0,3,3,3,4,3,2,4,4,2,3,1,3,2,2,2,2,3,3,4,1,1
"754",754,0,5,1,0,2,4,3,4,2,5,5,5,3,3,4,1,2,4,3,2,2,3,3,1,1
"755",755,0,1,2,0,1,4,2,3,1,2,2,4,3,3,3,4,2,1,2,2,2,2,3,1,1
"756",756,0,1,1,0,5,4,2,1,2,2,3,2,3,4,4,3,3,4,3,3,4,3,4,2,2
"757",757,0,1,3,0,4,3,4,4,2,5,4,4,4,3,3,3,3,2,2,2,2,2,3,1,1
"758",758,1,3,3,0,5,2,4,3,3,4,4,5,2,4,4,3,2,3,2,2,4,3,5,1,1
"759",759,1,5,3,0,3,3,3,3,2,3,4,4,3,2,4,4,3,4,3,2,2,3,3,1,1
"760",760,0,1,1,0,1,3,4,4,3,4,4,4,1,4,4,4,4,2,2,2,2,3,3,1,1
"761",761,0,4,2,0,2,2,3,3,3,4,5,5,2,4,4,4,3,2,3,3,3,3,4,1,1
"762",762,0,5,1,0,3,1,3,4,2,4,5,5,4,3,4,3,2,4,3,2,2,2,3,1,1
"763",763,1,4,1,0,2,2,3,3,2,4,4,4,4,2,2,2,2,3,3,3,2,2,3,1,1
"764",764,0,2,1,0,3,3,4,4,3,3,4,4,4,3,4,3,4,4,4,1,4,4,3,4,2
"765",765,0,3,1,0,5,2,3,3,2,5,5,5,3,3,4,3,3,3,4,4,4,4,5,1,1
"766",766,1,1,1,0,3,2,3,3,2,4,3,4,3,3,3,3,2,3,4,4,2,2,3,1,1
"767",767,1,2,1,0,3,3,2,2,2,2,2,2,3,4,4,4,4,4,4,4,1,2,2,1,1
"768",768,1,3,2,0,3,3,3,2,2,3,3,3,2,3,2,3,4,3,4,4,4,4,5,1,1
"769",769,0,2,3,0,3,3,3,3,3,3,3,3,3,3,3,3,3,4,3,3,4,4,5,1,1
"770",770,0,4,1,0,3,3,4,4,3,4,5,4,3,4,4,2,4,4,4,4,2,2,2,1,1
"771",771,1,4,2,0,3,2,2,3,2,3,4,4,4,3,2,4,2,3,2,2,2,2,3,1,1
"772",772,0,1,1,0,3,3,3,3,2,4,4,4,2,3,3,3,3,3,2,2,2,2,3,1,1
"773",773,1,1,2,0,5,1,3,4,2,2,4,4,3,4,4,1,1,3,1,1,1,2,2,1,1
"774",774,0,1,1,0,4,3,3,3,3,3,4,4,4,4,4,4,4,4,4,4,4,4,5,1,1
"775",775,0,2,1,0,4,3,3,3,3,3,4,4,3,4,3,4,3,3,2,2,2,2,4,1,1
"776",776,0,2,3,0,5,3,4,4,3,2,2,4,3,4,4,3,3,3,2,3,2,3,3,1,1
"777",777,0,1,1,0,1,3,2,3,2,3,3,3,3,3,3,2,3,2,3,2,2,2,3,1,1
"778",778,0,1,1,0,2,2,3,4,3,5,4,4,3,3,4,4,4,1,2,3,2,1,3,1,1
"779",779,1,1,1,0,2,2,3,4,4,4,4,4,4,3,4,4,3,2,2,1,2,1,2,1,1
"780",780,0,4,1,0,5,4,4,4,2,4,4,5,2,4,4,4,3,3,2,3,2,2,3,1,1
"781",781,0,2,2,0,4,3,1,3,1,4,3,4,3,3,3,2,1,2,1,1,1,2,2,1,1
"782",782,0,5,1,0,2,2,4,4,4,5,5,5,2,3,4,4,3,4,4,4,3,3,4,1,1
"783",783,0,2,2,0,5,1,4,4,3,5,5,5,3,4,4,3,4,2,2,1,2,2,3,1,1
"784",784,0,2,1,0,5,3,3,3,3,4,5,5,3,4,4,3,4,4,2,2,2,2,3,1,1
"785",785,0,2,1,0,2,3,4,4,3,3,3,3,2,4,4,3,3,3,2,2,2,2,3,1,1
"786",786,0,4,2,0,4,4,3,4,3,5,5,4,3,3,4,2,2,2,4,4,2,3,2,1,1
"787",787,1,4,2,0,3,3,3,4,2,5,4,5,4,4,4,2,3,3,2,3,2,3,2,1,1
"788",788,1,1,2,0,4,3,3,3,2,3,2,4,3,2,2,1,1,3,2,2,2,2,3,1,1
"789",789,0,2,2,0,4,1,4,4,3,5,5,5,2,4,4,3,4,4,4,4,3,3,3,1,1
"790",790,1,1,3,0,1,3,3,3,2,3,3,5,3,3,4,2,1,3,1,1,2,1,2,1,1
"791",791,1,1,3,0,4,3,3,3,1,4,4,4,3,4,4,2,2,3,3,4,3,3,3,1,1
"792",792,1,1,3,0,3,3,1,3,1,4,4,4,3,3,4,3,2,2,1,1,2,2,3,1,1
"793",793,0,2,1,0,5,3,2,3,2,2,3,3,4,4,4,3,3,2,3,4,2,2,3,1,1
"794",794,0,3,1,0,5,4,4,4,4,5,5,5,2,4,4,4,3,4,2,4,2,4,5,1,1
"795",795,1,4,1,0,3,2,3,3,3,4,4,4,2,4,4,1,2,3,3,4,3,4,5,1,1
"796",796,0,2,3,0,5,3,4,4,2,4,4,5,4,4,4,3,4,3,2,2,4,2,3,1,1
"797",797,1,3,1,0,2,3,3,4,3,4,4,5,2,3,4,3,3,3,4,4,2,4,3,1,1
"798",798,0,1,1,0,1,3,3,4,2,3,3,4,2,4,4,2,4,2,4,4,3,3,4,1,1
"799",799,0,4,1,0,2,3,3,4,4,5,3,5,2,2,4,4,4,1,1,1,3,2,4,1,1
"800",800,1,2,3,0,4,4,3,4,2,4,3,4,3,2,3,3,1,2,1,1,1,1,2,1,2
"801",801,0,1,2,0,5,3,2,3,2,2,2,4,3,2,3,2,2,2,2,2,2,2,3,1,1
"802",802,0,1,1,0,1,3,2,3,2,2,3,4,3,4,4,1,3,2,2,2,3,3,3,1,1
"803",803,0,1,2,0,4,3,3,4,2,3,5,5,3,4,4,3,3,1,2,3,3,3,4,1,1
"804",804,0,2,1,0,4,3,4,3,2,3,4,4,2,4,4,3,3,2,2,2,2,2,3,1,1
"805",805,0,1,1,0,1,3,3,3,3,4,2,4,4,4,4,3,3,3,3,3,3,3,4,1,1
"806",806,1,1,2,0,1,3,4,4,2,4,5,5,3,4,4,3,2,1,1,1,1,3,2,1,1
"807",807,1,4,3,0,4,1,3,4,2,3,3,3,4,3,3,3,2,1,3,3,2,2,3,1,1
"808",808,1,2,2,0,3,4,3,3,3,4,5,5,4,4,4,4,4,3,2,2,2,2,3,2,1
"809",809,0,2,1,0,5,2,2,2,2,3,3,4,4,3,3,3,3,3,2,3,2,2,3,1,1
"810",810,0,3,3,0,5,3,4,3,1,3,3,3,2,2,2,1,2,2,1,2,1,1,2,1,1
"811",811,0,3,1,1,4,2,4,4,2,5,5,5,1,4,3,4,4,4,3,4,2,3,3,1,1
"812",812,0,1,2,1,4,4,4,4,3,3,3,3,1,3,4,4,4,3,4,4,4,2,3,2,2
"813",813,0,2,2,1,5,2,4,4,2,3,4,4,3,3,3,3,4,4,2,2,3,4,3,1,2
"814",814,1,4,1,1,1,3,3,3,1,4,4,4,4,3,4,3,3,4,4,3,1,1,2,1,1
"815",815,1,4,1,1,3,3,3,4,2,4,4,4,3,4,4,3,4,3,3,4,3,4,3,1,1
"816",816,1,3,2,1,5,3,4,3,2,3,3,4,2,2,3,3,3,4,2,2,2,1,2,1,1
"817",817,0,3,3,1,5,3,2,3,2,4,3,3,2,3,3,3,3,3,4,4,2,2,3,1,1
"818",818,1,3,2,1,5,3,2,2,1,3,3,3,3,2,2,1,1,2,1,1,1,1,2,1,1
"819",819,1,1,2,1,2,3,2,3,2,3,4,5,4,3,2,2,1,3,1,1,2,2,2,1,1
"820",820,1,1,2,1,5,4,2,3,2,4,2,2,4,3,4,3,2,2,1,1,1,2,2,1,1
"821",821,1,3,2,1,4,3,4,4,3,5,5,5,4,3,4,2,1,3,1,1,1,1,2,1,1
"822",822,0,4,1,1,3,1,4,4,3,4,4,5,3,3,4,4,3,4,3,3,3,3,4,2,1
"823",823,1,1,1,1,1,3,3,3,3,4,5,5,2,4,4,2,1,1,3,3,2,2,4,1,1
"824",824,0,2,2,1,5,4,3,4,2,4,2,4,3,4,4,3,2,2,4,4,4,4,5,1,1
"825",825,0,2,2,1,4,3,4,4,4,5,5,5,2,3,4,3,2,2,2,2,3,3,4,1,1
"826",826,1,4,2,1,2,3,2,3,2,4,4,4,4,3,4,4,1,3,3,4,3,4,4,2,2
"827",827,1,4,2,1,2,4,4,4,4,5,5,5,1,4,4,3,2,3,3,3,4,3,4,3,1
"828",828,1,4,3,1,4,3,4,4,3,4,4,4,4,4,4,2,3,3,3,3,2,3,4,4,3
"829",829,1,2,3,1,4,3,4,4,3,4,4,5,2,2,1,1,3,2,2,2,2,2,3,1,1
"830",830,0,3,1,1,5,3,2,2,2,2,3,4,3,3,3,3,3,2,2,1,2,2,3,2,1
"831",831,1,1,2,0,1,4,2,2,2,4,4,4,2,1,4,3,2,3,3,3,3,3,3,1,1
"832",832,1,4,1,0,2,3,3,4,4,4,5,5,3,4,4,3,1,3,3,2,2,2,4,1,1
"833",833,1,4,1,0,2,3,4,4,4,5,5,5,2,3,4,1,1,1,4,4,4,4,5,1,1
"834",834,1,2,3,0,1,3,4,4,4,5,5,5,3,4,4,3,3,2,2,2,4,4,5,1,1
"835",835,1,3,2,0,4,4,4,4,4,4,5,1,2,3,4,3,1,2,2,2,2,3,4,1,1
"836",836,0,3,1,0,4,3,4,4,2,3,3,4,2,3,4,3,2,2,3,3,3,2,4,1,1
"837",837,1,1,2,0,5,3,2,2,2,4,4,4,3,4,4,3,1,2,3,3,3,3,4,1,1
"838",838,1,2,1,0,3,2,3,4,1,3,4,4,2,3,4,3,2,2,2,1,2,1,3,1,1
"839",839,1,2,3,0,5,3,3,3,2,3,4,4,3,3,4,3,2,2,3,3,3,3,3,1,1
"840",840,0,4,1,0,2,3,3,4,3,4,4,4,4,3,4,3,3,3,3,2,2,2,3,1,1
"841",841,1,2,3,0,5,3,1,1,1,1,2,1,3,3,4,3,4,3,4,4,2,2,3,1,1
"842",842,1,2,2,0,4,1,4,4,4,5,5,5,4,4,4,4,3,1,3,3,3,3,4,1,1
"843",843,0,2,2,0,4,3,4,3,3,4,5,5,4,4,4,3,3,3,3,3,4,3,5,3,2
"844",844,0,1,1,0,4,3,3,4,3,5,5,5,2,4,3,3,2,2,2,2,2,2,3,1,1
"845",845,1,5,2,0,2,3,4,4,3,5,5,5,3,4,4,3,2,3,2,2,4,4,5,1,1
"846",846,0,1,2,0,5,3,3,4,2,3,4,4,3,4,4,1,1,1,4,2,2,2,3,1,1
"847",847,0,3,2,0,5,3,2,4,2,3,2,4,3,3,4,3,2,2,2,2,2,2,3,1,1
"848",848,1,5,1,0,2,2,2,2,2,3,2,3,3,4,4,3,3,2,4,4,3,3,4,1,1
"849",849,0,4,1,0,3,2,4,4,3,4,4,4,3,1,3,2,3,2,3,3,2,4,4,1,1
"850",850,1,3,2,0,5,4,4,4,3,3,3,4,3,4,3,3,3,2,1,1,2,3,3,1,1
"851",851,0,3,2,0,4,2,4,4,4,5,5,5,3,4,4,2,4,1,3,3,4,4,5,1,1
"852",852,0,1,1,0,2,5,4,4,3,4,5,5,3,4,3,4,3,4,4,4,2,4,3,1,1
"853",853,1,3,1,0,3,2,4,4,3,5,5,5,3,4,1,4,4,4,4,4,4,4,5,1,1
"854",854,1,1,1,0,1,3,2,3,1,3,2,3,2,2,1,1,1,1,1,1,1,1,2,1,1
"855",855,1,4,1,0,3,2,3,4,3,4,4,5,4,4,4,3,3,3,3,4,3,3,3,1,1
"856",856,0,1,1,0,3,3,4,4,2,4,3,5,4,4,4,3,3,2,3,3,3,3,4,1,1
"857",857,1,4,1,0,3,2,3,4,2,4,4,4,3,3,4,3,2,2,2,2,2,2,4,1,1
"858",858,0,1,1,0,3,3,4,4,4,3,3,3,3,4,2,3,3,2,4,4,2,2,3,1,1
"859",859,1,3,1,0,3,2,3,4,2,4,5,5,3,3,4,3,2,2,2,2,2,2,3,1,1
"860",860,1,3,2,0,4,3,3,3,1,4,4,4,4,4,4,3,3,3,3,3,2,3,2,1,1
"861",861,1,2,2,0,3,3,2,2,1,5,4,5,3,4,4,3,2,1,1,1,1,3,2,1,1
"862",862,0,2,1,0,4,4,4,4,3,4,4,4,3,3,4,2,2,2,1,3,2,3,4,2,1
"863",863,0,2,1,0,5,4,3,4,2,3,3,4,2,2,3,3,2,3,3,3,2,2,3,1,1
"864",864,1,2,2,0,3,4,2,2,1,4,3,4,4,4,4,3,3,2,2,2,2,2,3,1,1
"865",865,1,4,1,0,1,3,4,4,4,4,4,4,3,3,3,3,2,3,4,4,4,4,5,1,1
"866",866,1,4,1,0,2,3,2,3,1,4,4,4,4,3,4,4,3,4,4,4,2,2,3,1,2
"867",867,1,2,2,0,4,3,2,3,1,3,1,2,3,4,4,3,3,3,1,1,2,2,3,1,1
"868",868,1,3,3,0,4,3,4,4,4,4,4,4,4,4,4,4,3,2,3,3,3,3,3,2,1
"869",869,1,1,2,0,2,3,3,3,3,3,3,3,2,2,3,2,2,2,2,3,2,2,3,1,1
"870",870,0,4,3,0,4,4,4,4,3,4,4,5,2,3,4,2,4,4,3,3,3,4,3,1,1
"871",871,1,4,1,0,2,1,3,3,2,4,4,5,3,3,3,4,2,3,2,3,2,2,3,1,1
"872",872,0,1,1,0,1,5,2,2,2,4,3,4,2,3,4,3,3,1,3,3,4,4,5,1,1
"873",873,1,5,1,0,2,2,4,4,4,4,5,5,2,3,4,3,2,2,2,4,1,2,3,1,1
"874",874,1,4,1,0,3,2,3,3,3,4,4,4,3,4,4,4,3,4,4,4,2,2,3,1,1
"875",875,1,4,1,0,2,3,3,2,3,3,3,3,3,2,3,4,2,3,3,3,2,2,3,1,1
"876",876,1,4,1,0,3,3,2,3,2,3,3,5,3,3,4,3,3,3,2,2,2,2,3,1,1
"877",877,1,2,2,0,3,3,2,2,2,4,4,4,3,3,4,3,2,3,3,1,2,2,3,1,1
"878",878,0,1,1,0,4,3,2,2,2,2,3,4,4,4,4,3,3,3,3,3,3,3,4,2,2
"879",879,0,1,1,0,1,3,3,3,3,4,4,4,2,4,3,2,4,3,4,4,4,3,4,1,1
"880",880,0,3,1,0,5,5,3,4,1,4,4,5,2,4,4,3,2,1,3,3,4,3,3,1,1
"881",881,1,2,1,0,4,3,2,4,1,4,4,4,4,4,3,3,2,4,2,1,2,3,3,1,2
"882",882,1,4,2,0,3,2,4,4,4,5,5,5,2,3,4,2,2,3,2,3,2,2,3,1,1
"883",883,0,4,3,0,3,4,3,3,2,2,3,4,3,3,3,3,2,3,2,2,2,2,3,1,1
"884",884,1,4,1,0,2,3,4,4,4,5,5,5,2,3,4,2,4,3,2,2,3,3,3,2,1
"885",885,1,1,2,0,1,3,3,3,2,3,2,3,1,3,3,1,2,2,2,2,2,2,3,1,1
"886",886,0,4,1,0,4,3,4,4,3,4,4,5,4,4,4,2,2,4,4,3,4,4,5,2,2
"887",887,1,3,1,0,3,2,3,4,2,3,4,4,4,4,4,3,2,3,2,3,3,3,3,2,1
"888",888,1,4,1,0,2,2,4,4,4,4,5,5,2,4,4,4,2,2,4,4,2,4,2,1,1
"889",889,0,2,3,0,4,4,3,3,2,3,4,4,2,2,2,3,2,2,2,3,2,3,3,1,1
"890",890,0,3,2,0,5,3,3,3,2,4,4,4,3,4,3,3,4,3,4,4,3,3,4,1,1
"891",891,1,1,1,0,1,2,4,4,3,4,5,5,3,4,4,3,4,2,3,3,3,2,4,1,1
"892",892,0,1,1,0,5,3,4,4,4,4,4,5,2,3,3,3,3,3,1,1,2,2,3,1,1
"893",893,1,1,1,0,1,3,2,3,2,4,2,2,3,3,4,2,2,2,2,2,2,3,3,1,1
"894",894,1,1,1,0,1,4,1,1,1,2,2,1,3,2,2,2,3,2,1,1,1,1,2,2,1
"895",895,1,4,2,0,3,1,4,4,2,4,4,4,3,3,4,4,3,4,3,3,2,4,3,1,1
"896",896,1,4,1,0,2,2,3,4,2,4,4,5,3,3,4,3,2,3,2,3,2,3,3,1,1
"897",897,1,4,2,0,3,3,3,3,2,4,4,5,4,3,4,3,2,3,3,3,3,3,3,1,1
"898",898,1,4,1,0,3,2,3,4,3,5,5,5,4,4,4,3,3,3,3,3,3,3,4,1,1
"899",899,0,4,1,0,3,3,3,4,4,4,4,4,3,4,4,2,2,2,2,4,4,4,5,1,1
"900",900,1,1,2,0,4,3,4,4,2,3,2,4,4,4,4,3,2,3,1,1,2,2,2,1,4
"901",901,0,4,1,0,4,3,3,3,3,4,4,4,2,3,3,3,3,3,4,4,4,4,5,1,1
"902",902,1,4,1,0,3,3,3,4,2,4,4,4,3,3,3,3,2,2,2,2,2,2,3,1,1
"903",903,1,1,3,0,5,5,3,3,2,3,4,4,2,1,3,2,1,3,1,1,1,1,2,1,1
"904",904,0,5,1,0,4,3,2,3,2,3,4,4,3,3,3,3,4,3,3,3,2,2,3,1,1
"905",905,0,4,1,0,2,4,4,4,3,4,5,5,2,4,4,3,3,4,4,4,4,4,4,1,1
"906",906,1,1,1,0,1,3,3,3,2,3,4,4,3,3,3,2,2,2,2,2,2,2,3,1,1
"907",907,0,1,2,0,5,4,2,3,1,3,3,4,3,2,1,1,2,1,2,2,2,2,3,1,1
"908",908,0,1,1,0,1,3,3,3,3,4,4,5,2,2,2,3,3,2,2,2,2,2,4,1,1
"909",909,0,4,1,0,3,2,4,4,2,5,4,5,4,4,4,4,4,1,3,3,3,3,4,1,1
"910",910,0,4,1,0,2,2,3,4,2,4,4,4,4,3,4,3,3,3,3,3,2,3,3,1,1
"911",911,1,4,1,0,3,3,2,2,2,3,3,3,4,4,3,4,4,4,2,2,3,3,3,1,1
"912",912,1,3,1,0,4,3,3,3,2,4,4,4,3,4,4,3,3,4,2,2,3,3,4,1,1
"913",913,0,1,1,0,1,4,3,3,2,4,3,3,3,2,3,2,2,1,2,2,2,2,3,1,1
"914",914,1,4,3,0,3,2,4,4,3,5,5,5,1,4,4,3,2,3,3,4,4,4,5,1,1
"915",915,1,4,1,0,2,3,4,4,3,4,4,4,2,3,4,3,3,3,2,3,2,2,2,1,1
"916",916,1,4,3,0,2,2,4,4,2,5,5,4,3,4,4,4,2,3,1,1,2,1,2,1,1
"917",917,1,4,2,0,2,2,4,4,4,5,5,5,2,3,3,1,1,2,2,2,2,2,3,1,1
"918",918,1,4,1,0,4,3,2,3,2,4,3,4,3,3,3,3,2,3,2,2,2,2,3,1,1
"919",919,1,4,1,0,3,3,2,2,1,2,2,4,4,3,3,3,3,2,1,1,1,1,2,1,1
"920",920,1,4,1,0,2,1,3,3,1,4,2,3,4,4,4,4,3,4,4,4,3,4,3,1,2
"921",921,0,1,1,0,3,3,3,3,3,4,4,4,2,3,3,3,2,2,2,2,3,3,4,1,1
"922",922,1,4,1,0,3,3,3,3,2,3,4,5,4,4,4,3,1,2,2,2,2,1,2,1,1
"923",923,0,2,1,0,5,3,2,2,1,3,2,4,2,4,4,3,4,4,4,4,4,3,4,1,1
"924",924,0,1,1,0,3,3,4,4,4,5,5,5,4,4,4,3,3,3,3,3,4,4,5,2,2
"925",925,1,1,2,0,3,5,3,4,1,4,3,4,2,4,3,3,2,1,2,3,2,3,4,1,1
"926",926,1,2,3,0,4,3,3,2,2,4,4,5,4,4,3,3,2,3,3,3,2,3,3,1,1
"927",927,1,4,1,0,2,2,3,4,4,5,5,5,4,4,4,3,3,4,4,3,4,4,4,1,1
"928",928,0,1,2,0,5,3,4,4,4,4,5,5,3,4,4,4,3,2,4,3,4,4,5,3,1
"929",929,1,3,2,0,3,4,2,3,2,3,3,4,2,3,4,2,2,1,2,2,2,2,3,1,1
"930",930,0,4,1,0,2,2,2,3,2,4,4,4,3,3,3,1,2,3,1,2,1,1,2,1,1
"931",931,1,3,3,0,3,3,4,4,4,4,4,5,3,4,4,3,2,4,4,4,4,4,5,1,1
"932",932,0,3,2,0,4,1,4,4,3,4,4,4,4,4,4,3,3,2,3,4,3,4,5,1,1
"933",933,1,4,1,0,2,2,4,4,3,4,5,5,2,3,3,3,2,4,4,3,2,2,3,1,1
"934",934,0,1,1,0,1,1,4,4,3,4,4,5,1,4,4,2,4,3,2,2,4,3,5,1,1
"935",935,1,4,1,0,3,4,3,3,2,4,3,4,3,3,4,3,3,4,2,3,2,2,3,1,1
"936",936,0,2,2,0,5,4,4,4,4,4,4,5,2,3,4,3,2,1,4,4,4,4,5,2,1
"937",937,1,2,3,0,4,3,3,3,2,3,4,5,3,3,4,2,2,3,4,4,1,2,2,1,1
"938",938,0,4,2,0,5,3,4,4,3,3,2,4,3,4,4,2,3,3,2,2,2,2,3,1,1
"939",939,1,3,1,0,4,3,3,2,2,5,5,5,4,4,4,3,2,3,2,3,2,4,3,1,1
"940",940,1,4,1,0,2,5,3,3,2,4,3,4,3,3,4,3,2,3,3,3,2,3,3,1,1
"941",941,1,4,2,0,4,3,4,4,2,4,4,5,3,4,4,3,2,3,3,4,2,2,3,1,1
"942",942,1,2,2,0,5,3,3,3,2,4,2,3,3,3,3,2,2,2,2,1,2,1,2,1,1
"943",943,1,2,3,0,4,2,2,3,2,3,3,3,3,3,3,3,3,3,3,2,2,2,3,1,1
"944",944,1,1,3,0,5,3,3,3,2,4,4,4,3,4,3,4,3,3,3,3,2,2,3,1,3
"945",945,1,2,2,0,5,3,4,4,3,4,4,5,4,4,4,4,4,3,2,2,2,2,3,1,3
"946",946,1,5,1,0,3,1,4,4,4,5,5,5,2,4,4,1,2,3,2,3,4,4,5,1,1
"947",947,1,4,2,0,2,2,4,4,2,3,4,4,1,3,4,3,3,3,3,2,2,4,3,2,1
"948",948,1,4,2,0,2,1,4,4,4,5,3,3,2,3,4,1,3,4,2,4,3,4,3,2,2
"949",949,1,3,2,0,1,5,1,3,2,2,4,4,2,4,4,3,2,4,3,4,3,3,4,1,1
"950",950,1,4,1,0,2,1,2,4,2,4,4,4,4,3,4,3,4,3,3,3,3,3,4,1,1
"951",951,1,3,2,0,3,2,3,4,1,2,4,5,4,3,4,2,2,3,2,2,2,2,3,1,1
"952",952,0,2,2,0,5,2,3,3,2,3,3,5,3,3,3,2,2,1,2,2,2,2,3,1,1
"953",953,1,2,2,0,3,1,4,4,2,3,4,4,4,2,4,4,4,3,1,2,2,4,2,1,1
"954",954,0,2,2,0,5,2,3,3,3,4,3,4,3,3,4,3,3,3,4,4,2,2,3,1,1
"955",955,0,1,2,0,5,3,3,3,2,2,4,4,2,3,3,3,3,3,3,3,2,2,3,1,1
"956",956,0,4,1,0,2,3,2,2,2,5,3,4,4,4,4,4,2,4,4,4,1,1,2,1,1
"957",957,1,1,2,0,1,3,2,3,2,3,5,4,3,1,3,2,1,3,4,4,2,2,3,1,3
"958",958,0,2,3,0,3,3,3,3,3,3,4,5,4,4,3,3,2,3,2,2,4,4,5,1,1
"959",959,1,1,1,0,2,3,1,2,2,3,3,3,3,3,3,3,2,2,4,4,4,4,5,2,2
"960",960,1,1,1,0,1,4,2,3,2,3,3,4,4,4,4,3,4,2,2,3,2,2,2,1,1
"961",961,1,3,2,0,5,3,2,3,1,3,4,4,4,3,3,2,2,2,2,2,2,2,3,1,1
"962",962,1,3,2,0,4,3,3,3,2,3,3,3,3,4,4,2,2,4,3,2,2,2,3,1,1
"963",963,0,3,3,0,5,3,2,2,2,2,4,4,4,4,4,2,2,4,2,3,2,3,2,1,1
"964",964,0,4,1,0,3,2,3,4,1,3,5,5,4,4,4,4,2,4,4,4,3,1,3,1,1
"965",965,1,1,1,0,1,3,3,3,3,3,3,4,3,4,3,4,3,3,1,1,1,1,2,1,1
"966",966,1,3,2,0,3,2,3,3,3,3,3,4,3,3,4,3,3,3,3,4,3,3,4,2,1
"967",967,1,3,2,0,3,2,4,4,3,3,4,4,4,2,1,2,2,1,1,1,1,1,3,1,1
"968",968,0,4,2,0,5,3,4,4,3,5,5,5,4,3,1,4,2,2,2,3,1,1,3,1,1
"969",969,1,2,2,0,2,3,4,4,4,4,5,5,3,3,4,2,1,2,2,1,1,1,3,1,1
"970",970,1,4,2,0,5,3,4,4,2,3,3,5,3,4,4,3,1,3,2,2,2,2,3,1,1
"971",971,1,2,2,0,3,3,2,3,2,2,2,2,4,3,3,3,3,4,1,1,1,2,3,1,1
"972",972,1,3,3,0,5,3,4,4,4,1,5,5,2,4,4,4,2,3,2,4,2,4,3,1,1
"973",973,1,4,1,0,3,4,4,4,3,4,5,5,3,4,4,3,1,3,4,3,2,2,3,1,1
"974",974,1,1,1,0,1,3,2,4,3,5,5,5,2,4,4,4,3,1,3,4,2,2,3,1,1
"975",975,0,1,1,0,1,3,2,2,2,3,3,3,3,3,4,2,2,3,4,3,2,2,3,1,1
"976",976,1,1,2,0,1,3,4,4,4,3,3,5,3,3,4,3,1,3,1,1,1,1,4,1,1
"977",977,1,4,2,0,3,3,3,4,2,4,4,5,3,4,4,2,1,4,3,3,2,2,2,1,1
"978",978,0,2,2,0,5,3,2,2,2,2,4,4,4,3,4,2,2,2,2,2,2,3,3,1,1
"979",979,1,2,3,0,3,3,3,4,2,1,2,5,3,3,2,2,1,3,2,2,2,2,3,1,1
"980",980,1,4,1,0,2,3,4,4,2,4,4,4,3,4,4,2,2,4,3,3,3,3,3,1,1
"981",981,0,4,1,0,2,2,3,3,2,4,4,5,4,3,4,4,4,2,1,2,2,2,2,1,1
"982",982,0,5,1,0,3,1,4,4,3,4,5,5,3,4,4,3,2,3,4,4,3,4,4,1,1
"983",983,0,3,1,0,3,5,1,2,1,3,3,3,4,4,4,2,2,3,1,2,2,2,3,1,1
"984",984,0,1,3,0,5,3,2,3,2,2,3,4,3,3,4,3,3,2,4,3,2,2,3,1,1
"985",985,1,1,1,0,3,4,4,4,4,5,5,4,4,4,3,3,2,4,3,3,4,4,3,1,2
"986",986,1,2,2,0,3,3,4,4,4,4,4,5,2,3,4,2,2,2,2,3,3,3,5,3,1
"987",987,1,4,1,0,2,1,4,4,3,5,5,4,2,4,4,2,4,4,2,4,4,4,4,1,1
"988",988,0,4,1,0,2,3,3,3,3,4,4,4,3,3,4,3,3,2,4,4,2,4,3,1,1
"989",989,1,4,2,0,3,3,2,3,2,4,4,5,2,4,4,3,2,4,4,3,2,2,3,1,1
"990",990,1,2,3,0,5,5,4,4,2,4,2,5,2,2,4,4,3,4,4,4,2,2,3,1,1
"991",991,1,2,3,0,5,3,4,4,3,1,5,5,3,4,4,4,1,2,1,1,3,3,3,1,1
"992",992,0,1,1,0,1,3,3,3,3,2,3,3,2,2,2,3,2,2,1,2,2,2,3,3,2
"993",993,0,1,1,0,1,3,2,2,1,3,2,4,3,3,4,3,2,3,2,2,1,1,2,1,1
"994",994,0,1,2,0,3,1,3,4,2,4,4,4,3,4,4,4,4,3,3,3,4,4,4,1,1
"995",995,0,1,2,0,1,2,3,4,2,3,4,4,3,3,4,3,3,1,1,2,3,2,4,1,1
"996",996,1,4,1,0,3,1,4,3,2,3,4,4,2,4,4,3,3,3,2,3,3,2,3,1,1
"997",997,1,3,3,0,3,5,3,2,2,3,5,5,4,4,4,3,1,3,2,2,3,2,3,4,4
"998",998,0,4,1,0,3,3,4,4,3,5,5,5,3,4,1,3,1,1,1,2,1,1,2,1,1
"999",999,1,2,3,0,5,1,3,4,1,2,2,2,3,3,3,2,3,1,2,1,1,1,2,1,1
"1000",1000,0,1,3,0,5,3,4,4,3,4,4,5,2,4,4,4,4,3,2,2,2,2,3,2,1
"1001",1001,1,1,2,0,1,3,2,2,1,3,3,4,4,2,3,3,1,2,1,2,1,2,2,1,1
"1002",1002,1,1,2,0,5,2,3,3,1,3,2,5,2,4,4,4,3,4,1,1,1,1,2,1,1
"1003",1003,0,2,2,0,3,2,4,4,2,4,4,4,4,3,4,4,4,4,2,3,3,3,3,3,3
"1004",1004,1,2,2,0,4,3,3,3,2,4,3,4,3,3,3,3,2,3,2,1,2,4,3,1,1
"1005",1005,0,4,3,0,3,3,4,4,4,5,5,5,1,4,4,3,3,4,3,4,3,4,5,1,1
"1006",1006,1,1,2,0,1,3,4,4,4,4,4,4,3,4,4,2,2,3,3,4,4,4,5,1,1
"1007",1007,1,3,2,0,3,3,3,4,3,4,4,4,3,3,4,2,2,2,1,2,3,3,4,1,1
